NAME,B07001_053E,B07001_054E,B07001_055E,B07001_069E,B07001_070E,B07001_071E,B07001_085E,B07001_086E,B07001_087E,B07401_053E,B07401_054E,B07401_055E,B07401_069E,B07401_070E,B07401_071E,metropolitan statistical area/micropolitan statistical area
"Killeen-Temple, TX Metro Area",3554,4757,2723,4402,1903,1610,1255,232,516,2900,4229,3163,2241,2772,1530,28660
"Kingsport-Bristol, TN-VA Metro Area",1598,1008,831,935,1306,676,56,97,0,2443,1090,811,1007,897,492,28700
"Kingston, NY Metro Area",,,,,,,,,,913,825,73,205,267,399,28740
"Klamath Falls, OR Micro Area",,,,,,,,,,,,,,,,28900
"Knoxville, TN Metro Area",4149,2985,2427,2700,2054,2501,70,106,308,5761,3552,2377,3513,2911,1519,28940
"Kokomo, IN Metro Area",,,,,,,,,,,,,,,,29020
"La Crosse-Onalaska, WI-MN Metro Area",,,,,,,,,,1090,703,157,881,912,866,29100
"Lafayette, LA Metro Area",2726,1904,1687,409,1521,635,46,213,219,4095,1938,1392,1410,763,1766,29180
"Lafayette-West Lafayette, IN Metro Area",3038,948,569,3111,753,487,613,530,366,1717,1212,1083,2058,1884,398,29200
"LaGrange, GA-AL Micro Area",,,,,,,,,,,,,,,,29300
"Lake Charles, LA Metro Area",,,,,,,,,,1973,849,1014,635,477,978,29340
"Lake City, FL Micro Area",,,,,,,,,,,,,,,,29380
"Lake Havasu City-Kingman, AZ Metro Area",227,86,424,303,820,389,0,355,83,571,399,72,452,1468,372,29420
"Lakeland-Winter Haven, FL Metro Area",5203,3864,1497,1032,1710,1242,166,0,69,2429,2710,1609,1813,1056,270,29460
"Lancaster, PA Metro Area",1963,2259,972,1198,1895,1146,562,186,140,1561,1198,566,2614,1377,919,29540
"Lansing-East Lansing, MI Metro Area",9198,4724,1497,1602,1595,1326,398,198,411,7249,4396,1965,1596,970,1033,29620
"Laredo, TX Metro Area",,,,,,,,,,1884,1024,330,9,200,172,29700
"Las Cruces, NM Metro Area",,,,,,,,,,575,648,175,291,1449,353,29740
"Las Vegas-Henderson-Paradise, NV Metro Area",488,108,457,10558,13004,10743,1394,1447,258,885,1113,789,7218,8634,7100,29820
"Laurel, MS Micro Area",,,,,,,,,,,,,,,,29860
"Lawrence, KS Metro Area",,,,,,,,,,1105,1130,434,1206,421,270,29940
"Lawton, OK Metro Area",867,312,1,1175,2113,1177,233,381,0,872,1017,687,2222,769,573,30020
"Lebanon, NH-VT Micro Area",382,478,112,1309,1191,729,0,163,456,162,355,540,1734,1372,802,30100
"Lebanon, PA Metro Area",,,,,,,,,,422,407,230,535,277,106,30140
"Lewiston, ID-WA Metro Area",,,,,,,,,,,,,,,,30300
"Lewiston-Auburn, ME Metro Area",,,,,,,,,,,,,,,,30340
"Lexington-Fayette, KY Metro Area",6370,2764,1112,2667,2353,2490,205,0,80,3539,2339,1365,2513,1633,1036,30460
"Lima, OH Metro Area",275,367,253,257,478,12,0,0,0,,,,,,,30620
"Lincoln, NE Metro Area",2944,1102,437,1897,806,176,486,141,442,1272,1581,1354,1410,4960,791,30700
"Little Rock-North Little Rock-Conway, AR Metro Area",4245,3548,2792,2438,2053,1205,371,486,84,3620,2723,3269,2015,2770,1480,30780
"Logan, UT-ID Metro Area",1710,1057,368,1478,1216,505,10,0,82,1133,1194,1114,1354,623,119,30860
"London, KY Micro Area",,,,,,,,,,,,,,,,30940
"Longview, TX Metro Area",2340,2108,2030,267,212,78,415,0,46,2513,1607,1508,868,189,200,30980
"Longview, WA Metro Area",,,,,,,,,,268,210,264,503,113,172,31020
"Los Angeles-Long Beach-Anaheim, CA Metro Area",33163,35136,25437,21051,24353,18582,8166,8478,6207,40584,40177,32768,27876,32259,27997,31080
"Louisville/Jefferson County, KY-IN Metro Area",4343,3751,2976,4142,5031,3767,120,972,333,4903,4843,3237,5837,5678,3108,31140
"Lubbock, TX Metro Area",4339,2326,702,976,584,939,944,120,148,3061,1659,400,668,1769,486,31180
"Lufkin, TX Micro Area",,,,,,,,,,426,117,765,0,135,0,31260
"Lumberton, NC Micro Area",,,,,,,,,,,,,,,,31300
"Lynchburg, VA Metro Area",3592,1683,1459,2119,688,385,164,423,0,1885,1051,2215,1439,721,351,31340
"Macon-Bibb County, GA Metro Area",2261,798,973,866,256,130,0,75,0,663,1238,1590,178,521,187,31420
"Madera, CA Metro Area",,,,,,,,,,,,,,,,31460
"Madison, WI Metro Area",7670,3051,1593,6503,3760,2303,755,1146,844,5191,3084,1784,4388,3880,1916,31540
"Manchester-Nashua, NH Metro Area",840,1073,726,2145,2620,3006,41,0,83,1230,780,603,3735,1723,1661,31700
"Manhattan, KS Metro Area",1537,231,554,1390,1777,1039,766,619,200,2238,1100,1270,2311,2142,1724,31740
"Manitowoc, WI Micro Area",,,,,,,,,,,,,,,,31820
"Mankato, MN Metro Area",2074,862,434,437,237,8,0,111,0,1114,1130,1029,539,150,188,31860
"Mansfield, OH Metro Area",,,,,,,,,,,,,,,,31900
"Marinette, WI-MI Micro Area",,,,,,,,,,,,,,,,31940
"Marion, IN Micro Area",,,,,,,,,,,,,,,,31980
"Marion, OH Micro Area",,,,,,,,,,,,,,,,32020
"Marquette, MI Micro Area",,,,,,,,,,,,,,,,32100
"Mayagüez, PR Metro Area",,,,,,,,,,,,,,,,32420
"Zanesville, OH Micro Area",,,,,,,,,,,,,,,,49780
"McAllen-Edinburg-Mission, TX Metro Area",1487,2295,143,1445,525,393,686,843,870,3073,3053,954,809,1470,230,32580
"Meadville, PA Micro Area",,,,,,,,,,,,,,,,32740
"Medford, OR Metro Area",501,273,625,490,1098,537,313,0,38,630,1060,723,287,651,270,32780
"Memphis, TN-MS-AR Metro Area",2841,2614,1707,3718,3906,3663,816,485,104,3234,2283,1910,4138,5973,3122,32820
"Merced, CA Metro Area",1788,1183,1272,184,277,0,266,117,207,1867,1008,1423,212,306,556,32900
"Meridian, MS Micro Area",,,,,,,,,,,,,,,,32940
"Miami-Fort Lauderdale-Pompano Beach, FL Metro Area",13402,13254,9278,9162,16395,13584,4018,4497,6974,14797,17336,12990,15632,14020,14072,33100
"Michigan City-La Porte, IN Metro Area",597,820,667,67,871,821,0,0,0,,,,,,,33140
"Midland, MI Metro Area",,,,,,,,,,462,538,361,127,0,64,33220
"Midland, TX Metro Area",,,,,,,,,,1341,1780,664,50,280,260,33260
"Milwaukee-Waukesha, WI Metro Area",8216,7316,5018,4786,3366,3124,373,768,136,8992,7897,5478,4145,5687,3180,33340
"Minneapolis-St. Paul-Bloomington, MN-WI Metro Area",24457,24387,24078,11680,10413,5943,1920,1285,578,23628,24643,23100,15006,11414,8267,33460
"Minot, ND Micro Area",,,,,,,,,,,,,,,,33500
"Missoula, MT Metro Area",,,,,,,,,,43,505,316,547,435,409,33540
"Mobile, AL Metro Area",1451,396,0,940,1654,1836,119,0,226,1123,1346,136,492,2580,964,33660
"Modesto, CA Metro Area",1711,2426,1616,516,300,229,395,576,0,4132,3031,1443,481,566,728,33700
"Monroe, LA Metro Area",,,,,,,,,,534,1186,412,589,290,304,33740
"Monroe, MI Metro Area",,,,,,,,,,1579,595,540,817,102,591,33780
"Montgomery, AL Metro Area",809,1288,1307,1426,558,745,0,309,0,2009,1470,1359,917,113,610,33860
"Morehead City, NC Micro Area",,,,,,,,,,,,,,,,33980
"Morgantown, WV Metro Area",,,,,,,,,,654,94,106,852,832,170,34060
"Morristown, TN Metro Area",,,,,,,,,,,,,,,,34100
"Moses Lake, WA Micro Area",,,,,,,,,,,,,,,,34180
"Mount Airy, NC Micro Area",,,,,,,,,,,,,,,,34340
"Mount Vernon-Anacortes, WA Metro Area",268,937,374,597,474,65,0,13,0,841,506,939,795,533,843,34580
"Muncie, IN Metro Area",,,,,,,,,,1269,545,717,272,441,0,34620
"Muskegon, MI Metro Area",454,1132,464,53,100,134,0,57,0,1409,342,563,173,221,217,34740
"Muskogee, OK Micro Area",,,,,,,,,,,,,,,,34780
"Myrtle Beach-Conway-North Myrtle Beach, SC-NC Metro Area",1329,480,897,814,971,1008,338,287,0,1595,1118,1207,1110,722,557,34820
"Napa, CA Metro Area",,,,,,,,,,1061,606,94,102,582,67,34900
"Naples-Marco Island, FL Metro Area",634,576,957,812,1445,1185,199,303,225,1024,1002,737,864,903,622,34940
"Nashville-Davidson--Murfreesboro--Franklin, TN Metro Area",13501,16497,7907,12761,11059,7222,325,806,879,10004,16447,7952,6135,6309,4369,34980
"New Bern, NC Metro Area",,,,,,,,,,263,65,276,1084,1031,495,35100
"New Castle, PA Micro Area",,,,,,,,,,,,,,,,35260
"New Haven-Milford, CT Metro Area",3172,3046,2097,4681,3292,1751,2216,1089,691,1372,1231,1334,4364,3658,2836,35300
"New Orleans-Metairie, LA Metro Area",5472,6040,3140,1216,4544,3405,227,456,141,5714,5401,3043,3182,5837,2078,35380
"New Philadelphia-Dover, OH Micro Area",,,,,,,,,,,,,,,,35420
"New York-Newark-Jersey City, NY-NJ-PA Metro Area",53691,77888,66664,53153,59694,39113,15141,13735,10702,54930,79921,68923,70362,82951,80368,35620
"Niles, MI Metro Area",765,571,253,475,506,584,69,34,0,405,264,132,199,1138,605,35660
"North Port-Sarasota-Bradenton, FL Metro Area",2641,2321,2546,2058,2369,1894,290,700,193,3152,2258,1273,949,1811,1754,35840
"North Wilkesboro, NC Micro Area",,,,,,,,,,,,,,,,35900
"Norwich-New London, CT Metro Area",1646,618,867,2398,1621,1011,139,128,37,534,514,1046,1751,2050,324,35980
"Oak Harbor, WA Micro Area",,,,,,,,,,1028,523,40,1568,406,919,36020
"Ocala, FL Metro Area",653,1147,1013,558,1014,1197,232,619,376,2128,593,1527,506,724,853,36100
"Ocean City, NJ Metro Area",,,,,,,,,,,,,,,,36140
"Odessa, TX Metro Area",,,,,,,,,,1908,387,1405,288,142,215,36220
"Ogden-Clearfield, UT Metro Area",3085,4485,2835,1689,1444,1680,497,386,433,4075,3359,999,2409,2116,1374,36260
"Ogdensburg-Massena, NY Micro Area",,,,,,,,,,997,566,51,202,350,433,36300
"Oklahoma City, OK Metro Area",11242,9205,6167,6206,5489,3416,973,1030,873,10435,8811,5615,3921,4369,3372,36420
"Olean, NY Micro Area",,,,,,,,,,,,,,,,36460
"Olympia-Lacey-Tumwater, WA Metro Area",2507,1907,2135,1205,204,850,45,216,53,2886,1532,897,2410,989,1496,36500
"Omaha-Council Bluffs, NE-IA Metro Area",5451,3484,2516,3976,3660,2506,202,427,641,4701,3066,2246,3720,3269,3389,36540
"Opelousas, LA Micro Area",,,,,,,,,,,,,,,,36660
"Orangeburg, SC Micro Area",,,,,,,,,,,,,,,,36700
"Orlando-Kissimmee-Sanford, FL Metro Area",16176,13712,11579,4549,7926,7539,1252,2527,1312,16137,13855,16300,9202,8502,6452,36740
"Oshkosh-Neenah, WI Metro Area",3136,1421,908,1415,181,230,117,0,0,1404,469,1377,448,588,168,36780
"Ottawa, IL Micro Area",747,546,430,130,126,0,39,0,0,246,412,255,375,117,0,36837
"Owensboro, KY Metro Area",,,,,,,,,,,,,,,,36980
"Oxnard-Thousand Oaks-Ventura, CA Metro Area",3460,3740,1803,659,505,183,195,452,122,4161,2047,3076,2630,1794,2100,37100
"Paducah, KY-IL Micro Area",,,,,,,,,,1138,501,898,0,17,436,37140
"Palatka, FL Micro Area",,,,,,,,,,,,,,,,37260
"Palm Bay-Melbourne-Titusville, FL Metro Area",782,1373,1765,1758,2472,1635,811,338,376,1980,1623,1299,3094,1966,2014,37340
"Panama City, FL Metro Area",1170,2032,1577,857,765,1849,158,164,74,487,467,508,1076,566,478,37460
"Parkersburg-Vienna, WV Metro Area",,,,,,,,,,,,,,,,37620
"Pensacola-Ferry Pass-Brent, FL Metro Area",2305,1948,1381,6209,2703,1574,227,138,107,1729,1795,1922,4344,3830,2283,37860
"Peoria, IL Metro Area",2143,2503,750,410,1033,269,268,0,0,3487,1188,711,938,1689,911,37900
"Philadelphia-Camden-Wilmington, PA-NJ-DE-MD Metro Area",25623,27556,16980,19559,28147,19245,3028,3537,2310,24700,25623,18821,22819,20111,19521,37980
"Phoenix-Mesa-Chandler, AZ Metro Area",9581,6968,6223,18519,21228,18482,2350,4072,1703,8448,7735,7123,14282,14531,9927,38060
"Pine Bluff, AR Metro Area",,,,,,,,,,,,,,,,38220
"Pinehurst-Southern Pines, NC Micro Area",,,,,,,,,,,,,,,,38240
"Pittsburgh, PA Metro Area",10170,9298,5524,6204,8047,5577,1292,788,1005,10918,9982,6642,8716,5571,4296,38300
"Pittsfield, MA Metro Area",,,,,,,,,,561,0,620,471,513,616,38340
"Plattsburgh, NY Micro Area",,,,,,,,,,,,,,,,38460
"Pocatello, ID Metro Area",,,,,,,,,,,,,,,,38540
"Ponce, PR Metro Area",,,,,,,,,,,,,,,,38660
"Port Angeles, WA Micro Area",,,,,,,,,,,,,,,,38820
"Portland-South Portland, ME Metro Area",2068,1437,1785,2356,2213,2672,135,0,0,2206,1717,2469,2306,1375,1200,38860
"Portland-Vancouver-Hillsboro, OR-WA Metro Area",13115,13091,7714,12205,15965,14181,809,1215,976,10355,12042,9835,10512,11054,9196,38900
"Port St. Lucie, FL Metro Area",1197,1914,2445,712,291,544,8,666,84,1902,957,600,1216,733,630,38940
"Portsmouth, OH Micro Area",,,,,,,,,,,,,,,,39020
"Pottsville, PA Micro Area",171,733,86,375,99,14,0,0,115,955,420,310,720,231,491,39060
"Poughkeepsie-Newburgh-Middletown, NY Metro Area",2422,4225,3318,1865,977,760,427,0,277,3852,1898,797,2958,1584,625,39100
"Prescott Valley-Prescott, AZ Metro Area",965,1097,781,738,545,671,0,0,0,448,456,903,344,561,860,39150
"Providence-Warwick, RI-MA Metro Area",6568,4128,2812,7207,8683,5832,1325,1170,346,5447,3865,2350,6183,6637,5173,39300
"Provo-Orem, UT Metro Area",3922,4101,2477,8531,3023,1607,1896,280,303,4097,4037,1851,4567,4897,2455,39340
"Pueblo, CO Metro Area",352,494,213,519,432,296,27,124,90,1425,1315,682,458,751,291,39380
"Punta Gorda, FL Metro Area",114,204,643,106,582,148,0,56,0,262,1146,378,705,236,127,39460
"Quincy, IL-MO Micro Area",,,,,,,,,,213,786,34,715,553,7,39500
"Racine, WI Metro Area",1239,852,231,244,294,245,0,0,0,1705,838,449,230,182,226,39540
"Raleigh-Cary, NC Metro Area",7198,7717,5914,6696,5210,5458,1224,1776,921,9139,6380,4233,5857,4835,2524,39580
"Rapid City, SD Metro Area",1472,514,527,742,514,589,24,37,0,1037,398,89,619,686,67,39660
"Reading, PA Metro Area",1593,1963,500,950,838,611,423,514,185,1001,1186,177,1218,1443,466,39740
"Red Bluff, CA Micro Area",,,,,,,,,,,,,,,,39780
"Redding, CA Metro Area",176,425,1174,262,546,44,62,0,78,470,265,980,148,198,505,39820
"Reno, NV Metro Area",891,937,881,1456,2181,1408,310,151,173,713,162,363,1995,1394,1813,39900
"Rexburg, ID Micro Area",,,,,,,,,,,,,,,,39940
"Richmond, IN Micro Area",,,,,,,,,,,,,,,,39980
"Richmond, VA Metro Area",10767,13070,8439,3821,2289,3290,412,450,196,8151,11878,6873,6638,3363,1900,40060
"Richmond-Berea, KY Micro Area",,,,,,,,,,1039,1060,666,224,0,81,40080
"Rio Grande City-Roma, TX Micro Area",,,,,,,,,,,,,,,,40100
"Riverside-San Bernardino-Ontario, CA Metro Area",17509,22983,19347,5811,4583,2899,1666,1122,321,14500,15019,12584,11749,8428,6986,40140
"Roanoke, VA Metro Area",2100,1434,1575,634,704,515,0,0,0,1946,1565,1356,871,1115,1123,40220
"Roanoke Rapids, NC Micro Area",,,,,,,,,,,,,,,,40260
"Rochester, MN Metro Area",1989,920,429,838,1473,621,99,409,94,1699,1577,541,1036,712,2120,40340
"Rochester, NY Metro Area",7189,3338,1953,4383,1144,2000,1043,382,0,7651,3224,2729,2578,2810,2075,40380
"Rockford, IL Metro Area",1720,1172,608,486,1195,261,243,264,0,396,778,700,1350,1364,964,40420
"Rocky Mount, NC Metro Area",,,,,,,,,,,,,,,,40580
"Rome, GA Metro Area",,,,,,,,,,,,,,,,40660
"Roseburg, OR Micro Area",,,,,,,,,,393,356,35,115,150,217,40700
"Russellville, AR Micro Area",,,,,,,,,,,,,,,,40780
"Sacramento-Roseville-Folsom, CA Metro Area",16353,14843,12832,3186,3069,2259,1360,623,639,13308,12267,10028,5674,4613,3531,40900
"Saginaw, MI Metro Area",1236,708,561,84,397,261,77,129,0,1188,1272,497,891,135,46,40980
"St. Cloud, MN Metro Area",3758,1501,1299,926,112,213,200,0,0,3007,1323,896,2786,531,152,41060
"St. George, UT Metro Area",,,,,,,,,,910,431,395,532,229,232,41100
"St. Joseph, MO-KS Metro Area",566,625,714,170,116,821,0,32,51,1173,320,279,171,367,89,41140
"St. Louis, MO-IL Metro Area",12316,14425,7035,11367,8816,6527,1793,859,501,14553,13685,7684,10420,9407,7277,41180
"Salem, OH Micro Area",,,,,,,,,,,,,,,,41400
"Salem, OR Metro Area",3078,2608,2281,2654,783,573,373,126,185,3076,3933,3052,1427,398,648,41420
"Salinas, CA Metro Area",2188,1908,1469,1407,679,783,372,241,319,2600,2281,868,3269,1095,2155,41500
"Salisbury, MD-DE Metro Area",1081,1197,909,1421,1052,2255,58,129,104,745,1080,362,1110,882,1044,41540
"Salt Lake City, UT Metro Area",5681,4297,1683,4980,6798,5874,1150,1274,856,6188,6222,4833,3833,3919,3189,41620
"San Angelo, TX Metro Area",,,,,,,,,,345,1692,376,604,1488,294,41660
"San Antonio-New Braunfels, TX Metro Area",11335,13971,7464,9585,6366,5869,2170,1082,483,13203,12491,7570,6679,4525,5178,41700
"San Diego-Chula Vista-Carlsbad, CA Metro Area",9305,8811,9688,13961,11903,13303,3742,4066,3013,12859,11153,6569,15573,16350,10627,41740
"Sandusky, OH Micro Area",,,,,,,,,,,,,,,,41780
"San Francisco-Oakland-Berkeley, CA Metro Area",27685,33950,35111,8121,14567,9095,6215,5044,3370,24962,38293,34582,9231,16274,19741,41860
"San Germán, PR Metro Area",,,,,,,,,,,,,,,,41900
"San Jose-Sunnyvale-Santa Clara, CA Metro Area",7926,10215,6544,5383,5773,4021,2353,2027,1460,9699,13950,14995,6568,9189,7212,41940
"San Juan-Bayamón-Caguas, PR Metro Area",,,,,,,,,,,,,,,,41980
"San Luis Obispo-Paso Robles, CA Metro Area",4827,1308,1080,777,63,273,120,220,51,2949,1141,816,913,902,1344,42020
"Santa Cruz-Watsonville, CA Metro Area",5540,1797,1956,1067,288,192,0,557,61,1639,1227,1643,1145,382,238,42100
"Santa Fe, NM Metro Area",1250,394,245,460,252,419,127,203,155,22,0,114,328,267,379,42140
"Santa Maria-Santa Barbara, CA Metro Area",5916,1660,624,1719,969,547,1620,391,484,4873,1936,1460,1019,3022,1265,42200
"Santa Rosa-Petaluma, CA Metro Area",2039,2608,674,353,484,773,174,104,189,2439,1882,1801,1068,896,1270,42220
"Savannah, GA Metro Area",1010,1095,1285,2949,2841,1606,819,97,54,1603,1256,1549,950,2129,1152,42340
"Scranton--Wilkes-Barre, PA Metro Area",2683,1717,1309,1611,605,717,27,98,139,1515,1259,554,1066,1291,0,42540
"Searcy, AR Micro Area",,,,,,,,,,,,,,,,42620
"Seattle-Tacoma-Bellevue, WA Metro Area",15627,19078,16314,19640,21278,18679,3403,6970,2400,13611,17448,18291,20366,15691,19864,42660
"Sebastian-Vero Beach, FL Metro Area",,,,,,,,,,633,387,235,370,355,213,42680
"Sebring-Avon Park, FL Metro Area",,,,,,,,,,,,,,,,42700
"Seneca, SC Micro Area",,,,,,,,,,,,,,,,42860
"Sevierville, TN Micro Area",,,,,,,,,,,,,,,,42940
"Shawnee, OK Micro Area",,,,,,,,,,727,672,136,63,0,0,43060
"Sheboygan, WI Metro Area",,,,,,,,,,873,320,183,500,539,384,43100
"Shelby, NC Micro Area",,,,,,,,,,,,,,,,43140
"Shelton, WA Micro Area",,,,,,,,,,,,,,,,43220
"Sherman-Denison, TX Metro Area",,,,,,,,,,839,649,65,1203,413,523,43300
"Show Low, AZ Micro Area",,,,,,,,,,,,,,,,43320
"Shreveport-Bossier City, LA Metro Area",1811,2071,2247,601,1467,629,0,290,231,1015,1406,1722,1277,1793,2320,43340
"Sierra Vista-Douglas, AZ Metro Area",,,,,,,,,,181,797,517,810,1299,1674,43420
"Sioux City, IA-NE-SD Metro Area",,,,,,,,,,367,235,296,426,1629,873,43580
"Sioux Falls, SD Metro Area",3219,1524,1344,2394,1984,521,78,0,31,2351,1224,1172,2183,2044,1072,43620
"Somerset, KY Micro Area",,,,,,,,,,,,,,,,43700
"Somerset, PA Micro Area",,,,,,,,,,190,504,573,24,0,0,43740
"South Bend-Mishawaka, IN-MI Metro Area",1519,876,583,3118,1584,563,173,87,41,2860,737,587,1095,1534,1062,43780
"Spartanburg, SC Metro Area",1320,1901,81,892,399,1162,77,0,0,2408,2005,574,467,769,349,43900
"Spokane-Spokane Valley, WA Metro Area",1991,1634,2363,2362,3475,1472,391,122,286,1889,1907,942,1923,2345,2590,44060
"Springfield, IL Metro Area",,,,,,,,,,824,969,104,1519,40,395,44100
"Springfield, MA Metro Area",7214,1786,1396,3412,856,1261,598,540,607,4304,1840,1660,3530,3134,1687,44140
"Springfield, MO Metro Area",3218,2631,1082,2764,531,1353,926,0,298,3597,2687,1581,1784,1617,2009,44180
"Springfield, OH Metro Area",,,,,,,,,,491,928,732,184,165,39,44220
"State College, PA Metro Area",4537,291,298,2588,1095,161,317,0,590,1283,669,356,1648,486,30,44300
"Statesboro, GA Micro Area",,,,,,,,,,,,,,,,44340
"Staunton, VA Metro Area",,,,,,,,,,723,847,1127,60,369,0,44420
"Stevens Point, WI Micro Area",,,,,,,,,,370,165,44,762,40,0,44620
"Stillwater, OK Micro Area",,,,,,,,,,1791,1128,146,1502,653,129,44660
"Stockton, CA Metro Area",3578,3285,4693,350,229,93,131,177,0,3108,2382,1925,1204,839,1259,44700
"Sumter, SC Metro Area",562,494,364,617,992,540,90,112,0,342,149,184,1038,510,326,44940
"Sunbury, PA Micro Area",,,,,,,,,,,,,,,,44980
"Syracuse, NY Metro Area",3413,1364,2335,3987,1155,759,764,360,312,2534,2059,1053,1406,1708,671,45060
"Talladega-Sylacauga, AL Micro Area",,,,,,,,,,,,,,,,45180
"Tallahassee, FL Metro Area",3449,2042,2396,3336,905,838,192,313,0,4445,1308,1378,2282,1459,1269,45220
"Tampa-St. Petersburg-Clearwater, FL Metro Area",12058,11546,8603,11197,14631,9577,928,1067,1466,11614,11170,6917,8229,6075,6957,45300
"Terre Haute, IN Metro Area",1827,938,1081,1766,281,72,123,101,77,1525,1368,779,657,177,410,45460
"Texarkana, TX-AR Metro Area",,,,,,,,,,619,694,158,659,594,1402,45500
"The Villages, FL Metro Area",,,,,,,,,,,,,,,,45540
"Toledo, OH Metro Area",5118,2990,1406,3279,870,915,219,78,77,3039,2647,743,3481,1676,660,45780
"Topeka, KS Metro Area",1552,707,285,278,415,312,441,0,0,1491,753,204,484,839,225,45820
"Torrington, CT Micro Area",205,484,546,598,634,118,0,52,0,212,133,335,854,448,402,45860
"Traverse City, MI Micro Area",503,1072,300,206,31,220,0,102,31,800,824,223,183,396,174,45900
"Trenton-Princeton, NJ Metro Area",2651,1041,1439,4439,1123,823,423,223,180,896,1644,684,1759,1951,601,45940
"Truckee-Grass Valley, CA Micro Area",,,,,,,,,,,,,,,,46020
"Tucson, AZ Metro Area",3178,3143,2390,5122,4569,1448,1299,652,630,3410,3142,2092,4452,2692,1447,46060
"Tullahoma-Manchester, TN Micro Area",,,,,,,,,,,,,,,,46100
"Tulsa, OK Metro Area",5427,5129,3059,2285,2921,2879,332,222,277,5588,3319,3165,2730,1587,1505,46140
"Tupelo, MS Micro Area",385,222,202,164,0,29,0,0,0,259,668,431,323,126,120,46180
"Tuscaloosa, AL Metro Area",1163,694,307,1334,92,249,246,236,46,593,243,905,1611,855,502,46220
"Twin Falls, ID Metro Area",,,,,,,,,,767,430,559,121,0,0,46300
"Tyler, TX Metro Area",1889,813,393,38,734,186,399,0,162,922,1812,1331,176,261,172,46340
"Ukiah, CA Micro Area",,,,,,,,,,,,,,,,46380
"Urban Honolulu, HI Metro Area",274,131,292,7214,7194,6497,2122,1180,897,61,607,547,5713,5308,6415,46520
"Utica-Rome, NY Metro Area",1336,688,750,220,343,669,29,0,76,2455,981,814,395,1264,260,46540
"Valdosta, GA Metro Area",,,,,,,,,,1474,750,203,2268,1015,552,46660
"Vallejo, CA Metro Area",1300,2477,1590,736,1051,802,104,430,298,2124,2040,1340,422,345,1237,46700
"Victoria, TX Metro Area",,,,,,,,,,,,,,,,47020
"Vineland-Bridgeton, NJ Metro Area",,,,,,,,,,282,1177,172,777,122,0,47220
"Virginia Beach-Norfolk-Newport News, VA-NC Metro Area",12634,14351,10965,14652,10049,8412,632,1301,986,13489,14316,10704,9161,8810,7421,47260
"Visalia, CA Metro Area",557,1372,156,459,0,160,88,178,69,1876,1008,302,985,206,330,47300
"Waco, TX Metro Area",2127,1602,900,1836,129,436,403,502,0,3018,3059,1474,575,301,557,47380
"Walla Walla, WA Metro Area",,,,,,,,,,,,,,,,47460
"Warner Robins, GA Metro Area",,,,,,,,,,,,,,,,47580
"Warsaw, IN Micro Area",,,,,,,,,,,,,,,,47700
"Washington-Arlington-Alexandria, DC-VA-MD-WV Metro Area",24872,29372,24390,39008,38957,35021,6008,6588,4936,29595,32110,27445,31498,38748,35409,47900
"Waterloo-Cedar Falls, IA Metro Area",2406,1495,509,512,218,369,32,0,0,1485,1845,705,1591,1150,534,47940
"Watertown-Fort Atkinson, WI Micro Area",,,,,,,,,,,,,,,,48020
"Watertown-Fort Drum, NY Metro Area",,,,,,,,,,566,292,477,1997,1604,1321,48060
"Wausau-Weston, WI Metro Area",159,408,285,387,281,417,0,0,0,1083,651,478,85,197,53,48140
"Yuma, AZ Metro Area",142,346,506,1665,1382,648,258,652,182,335,457,635,1288,157,1038,49740
"Weirton-Steubenville, WV-OH Metro Area",,,,,,,,,,65,230,359,613,0,99,48260
"Wenatchee, WA Metro Area",,,,,,,,,,,,,,,,48300
"Wheeling, WV-OH Metro Area",,,,,,,,,,398,954,353,271,1038,317,48540
"Whitewater, WI Micro Area",1258,519,206,325,145,289,0,0,0,805,727,220,610,249,46,48580
"Wichita, KS Metro Area",2825,2303,2019,1572,1571,2641,345,0,172,2933,1752,1806,1167,2782,1749,48620
"Wichita Falls, TX Metro Area",615,460,1123,1973,885,219,331,89,0,1112,1570,232,1438,210,488,48660
"Williamsport, PA Metro Area",,,,,,,,,,,,,,,,48700
"Wilmington, NC Metro Area",3767,1682,1154,3074,354,1252,72,197,30,3629,2376,1305,605,939,234,48900
"Wilson, NC Micro Area",,,,,,,,,,,,,,,,48980
"Winchester, VA-WV Metro Area",,,,,,,,,,1199,640,433,1266,593,377,49020
"Winston-Salem, NC Metro Area",2931,2785,3957,2413,2047,1488,383,58,128,3727,3314,2504,1728,1991,593,49180
"Wisconsin Rapids-Marshfield, WI Micro Area",,,,,,,,,,,,,,,,49220
"Wooster, OH Micro Area",,,,,,,,,,552,204,69,73,0,0,49300
"Worcester, MA-CT Metro Area",3238,5003,3354,4707,2740,2489,728,1069,839,7032,2769,2880,3673,2531,2773,49340
"Yakima, WA Metro Area",616,246,936,358,346,157,55,0,79,1638,386,384,409,873,962,49420
"Yauco, PR Metro Area",,,,,,,,,,,,,,,,49500
"York-Hanover, PA Metro Area",1418,1532,1168,1836,845,991,0,92,98,1773,1391,1022,1263,661,678,49620
"Youngstown-Warren-Boardman, OH-PA Metro Area",2182,1852,806,416,652,325,409,117,77,1697,1525,887,840,461,604,49660
"Yuba City, CA Metro Area",1645,927,315,166,299,296,570,0,0,1282,787,709,258,484,578,49700
"Aberdeen, WA Micro Area",,,,,,,,,,,,,,,,10140
"Abilene, TX Metro Area",1706,1432,691,1063,831,116,150,0,64,1456,2177,663,0,0,219,10180
"Adrian, MI Micro Area",,,,,,,,,,831,332,180,206,333,0,10300
"Aguadilla-Isabela, PR Metro Area",,,,,,,,,,,,,,,,10380
"Beaumont-Port Arthur, TX Metro Area",1419,1047,2518,1213,532,861,106,0,80,2050,2015,965,472,0,137,13140
"Akron, OH Metro Area",4262,3909,2887,1076,1188,961,429,171,0,5031,3752,2433,1955,2029,385,10420
"Alamogordo, NM Micro Area",,,,,,,,,,,,,,,,10460
"Albany, GA Metro Area",1523,611,701,723,55,468,0,29,0,1855,1175,821,1247,861,0,10500
"Albany-Lebanon, OR Metro Area",,,,,,,,,,,,,,,,10540
"Albany-Schenectady-Troy, NY Metro Area",7604,6553,2592,3564,2715,1221,467,667,187,6347,6274,3475,3343,2278,1225,10580
"Albertville, AL Micro Area",,,,,,,,,,,,,,,,10700
"Albuquerque, NM Metro Area",3232,3434,1921,2943,2521,3455,229,56,420,4479,2237,2072,3819,2371,2390,10740
"Alexandria, LA Metro Area",,,,,,,,,,352,815,703,183,0,134,10780
"Allentown-Bethlehem-Easton, PA-NJ Metro Area",3994,3651,2497,1676,3022,1525,142,623,210,5256,4904,3104,1853,2354,1250,10900
"Altoona, PA Metro Area",,,,,,,,,,413,523,638,328,123,0,11020
"Amarillo, TX Metro Area",1861,1908,1310,337,209,680,0,77,173,2103,2000,896,249,1777,747,11100
"Ames, IA Metro Area",,,,,,,,,,2416,841,470,1437,918,120,11180
"Anchorage, AK Metro Area",1114,532,880,2661,3494,2489,224,151,145,1163,602,635,3010,3385,2302,11260
"Ann Arbor, MI Metro Area",8042,2499,1047,4502,2767,1448,927,747,86,4043,3227,1760,4875,3532,1395,11460
"Anniston-Oxford, AL Metro Area",,,,,,,,,,,,,,,,11500
"Appleton, WI Metro Area",1413,1124,1671,687,1025,367,70,0,126,2268,1478,1126,962,439,43,11540
"Arecibo, PR Metro Area",,,,,,,,,,,,,,,,11640
"Asheville, NC Metro Area",2118,1740,1635,1769,1281,1997,32,236,287,2286,1036,1355,2391,1889,785,11700
"Ashtabula, OH Micro Area",,,,,,,,,,,,,,,,11780
"Athens, TX Micro Area",,,,,,,,,,,,,,,,11980
"Athens-Clarke County, GA Metro Area",5387,1401,1408,1745,501,1019,0,52,204,3233,1596,1171,956,549,304,12020
"Atlanta-Sandy Springs-Alpharetta, GA Metro Area",36966,46469,29751,20419,20696,21336,2710,3185,1594,40562,45691,30693,16431,17947,16827,12060
"Atlantic City-Hammonton, NJ Metro Area",372,372,1083,391,469,422,209,0,190,500,1829,641,1022,457,0,12100
"Auburn, NY Micro Area",,,,,,,,,,,,,,,,12180
"Auburn-Opelika, AL Metro Area",,,,,,,,,,1288,469,34,2542,1843,324,12220
"Augusta-Richmond County, GA-SC Metro Area",3000,2544,1511,2216,3630,2616,0,85,183,2862,2427,1392,2557,3397,2733,12260
"Augusta-Waterville, ME Micro Area",,,,,,,,,,613,76,456,434,51,582,12300
"Austin-Round Rock-Georgetown, TX Metro Area",21295,21842,13752,10994,12508,12838,4080,2514,2488,16093,17987,11904,5231,6801,7314,12420
"Bakersfield, CA Metro Area",2051,2234,1274,761,205,981,237,91,251,2790,3674,2029,703,1970,1301,12540
"Baltimore-Columbia-Towson, MD Metro Area",13958,15586,9544,13704,11921,6452,1117,1107,1530,12453,14623,9534,11388,6901,8432,12580
"Bangor, ME Metro Area",,,,,,,,,,255,457,48,107,0,264,12620
"Baraboo, WI Micro Area",,,,,,,,,,242,510,353,656,148,154,12660
"Barnstable Town, MA Metro Area",990,670,358,1034,705,652,0,107,215,802,423,931,1532,266,613,12700
"Baton Rouge, LA Metro Area",7727,4365,2242,2434,752,1353,1008,1623,608,3886,5071,1867,2500,2546,2031,12940
"Battle Creek, MI Metro Area",389,634,579,147,165,48,0,58,0,88,454,527,133,0,0,12980
"Bay City, MI Metro Area",,,,,,,,,,1007,584,315,91,0,0,13020
"Beaver Dam, WI Micro Area",,,,,,,,,,717,394,308,152,0,99,13180
"Beckley, WV Metro Area",,,,,,,,,,466,515,315,352,0,210,13220
"Bellingham, WA Metro Area",2147,1010,942,507,748,818,0,0,0,2045,1361,349,1151,972,957,13380
"Bend, OR Metro Area",1644,295,1123,1010,1100,505,118,0,0,1286,555,905,1185,1186,595,13460
"Billings, MT Metro Area",879,169,566,402,1183,1171,73,89,0,850,234,212,1132,887,180,13740
"Binghamton, NY Metro Area",2274,642,820,880,101,85,88,123,0,1945,782,867,1504,657,148,13780
"Birmingham-Hoover, AL Metro Area",6071,3098,3123,2394,1578,2036,237,581,24,6210,3623,3921,1957,3697,1308,13820
"Bismarck, ND Metro Area",1208,594,165,235,692,15,0,0,0,1437,1300,153,916,229,0,13900
"Blacksburg-Christiansburg, VA Metro Area",4167,990,289,1219,683,390,62,0,259,2894,2293,661,2424,675,531,13980
"Bloomington, IL Metro Area",3136,402,0,24,150,631,341,965,124,1277,616,147,284,120,157,14010
"Bloomington, IN Metro Area",4169,707,460,1876,567,131,705,166,0,1821,1210,903,2297,1228,791,14020
"Bloomsburg-Berwick, PA Metro Area",,,,,,,,,,,,,,,,14100
"Bluefield, WV-VA Micro Area",,,,,,,,,,,,,,,,14140
"Boise City, ID Metro Area",3395,2382,1526,4299,3328,5689,20,436,320,3371,1695,2168,3677,4429,2238,14260
"Boston-Cambridge-Newton, MA-NH Metro Area",25528,33336,24263,28454,22874,14029,7275,5418,4577,27972,36267,24372,29076,26506,22847,14460
"Boulder, CO Metro Area",4439,1706,1646,3842,2469,3023,1150,202,122,2904,3656,2347,2676,1248,1370,14500
"Bowling Green, KY Metro Area",2096,964,670,713,491,438,429,0,0,1395,1213,544,586,756,182,14540
"Bozeman, MT Micro Area",,,,,,,,,,938,517,120,2307,982,44,14580
"Brainerd, MN Micro Area",523,561,148,90,120,191,0,0,0,267,593,364,5,225,0,14660
"Bremerton-Silverdale-Port Orchard, WA Metro Area",1053,1003,1089,2771,1284,1017,396,531,443,1147,1102,773,1508,2024,1170,14740
"Bridgeport-Stamford-Norwalk, CT Metro Area",1680,1289,645,3968,4587,4657,238,832,190,2677,1508,1578,5902,3496,1720,14860
"Brownsville-Harlingen, TX Metro Area",,,,,,,,,,1996,1859,68,193,256,0,15180
"Brunswick, GA Metro Area",,,,,,,,,,,,,,,,15260
"Buffalo-Cheektowaga, NY Metro Area",3787,3086,2695,1975,2046,1206,156,904,472,4069,2567,2082,2111,4629,2670,15380
"Burlington, NC Metro Area",,,,,,,,,,1840,1675,862,723,613,0,15500
"Burlington-South Burlington, VT Metro Area",1030,629,422,3310,1733,1341,134,0,50,134,542,337,1512,1493,767,15540
"California-Lexington Park, MD Metro Area",,,,,,,,,,,,,,,,15680
"Canton-Massillon, OH Metro Area",1121,840,602,616,379,345,84,173,0,1339,1643,789,993,940,149,15940
"Cape Coral-Fort Myers, FL Metro Area",821,2099,1985,1798,2334,1224,109,389,335,1626,1551,1497,1569,1971,1105,15980
"Cape Girardeau, MO-IL Metro Area",,,,,,,,,,1052,482,191,636,274,55,16020
"Carbondale-Marion, IL Metro Area",,,,,,,,,,1258,697,267,745,863,125,16060
"Carson City, NV Metro Area",,,,,,,,,,,,,,,,16180
"Casper, WY Metro Area",,,,,,,,,,,,,,,,16220
"Cedar Rapids, IA Metro Area",1084,1180,858,833,739,136,321,0,0,1861,966,792,1137,894,859,16300
"Centralia, WA Micro Area",,,,,,,,,,,,,,,,16500
"Chambersburg-Waynesboro, PA Metro Area",,,,,,,,,,393,230,224,237,364,366,16540
"Champaign-Urbana, IL Metro Area",3119,724,74,2309,608,105,1814,534,434,2414,989,346,1180,1001,838,16580
"Charleston, WV Metro Area",1236,1508,305,441,459,515,291,0,0,1263,1061,805,654,587,539,16620
"Charleston-North Charleston, SC Metro Area",3920,4042,2452,4009,4315,3007,52,369,82,4638,4578,1904,4547,3683,2501,16700
"Charlotte-Concord-Gastonia, NC-SC Metro Area",12450,12059,6456,10865,10295,9103,1780,889,875,10191,9652,7227,7349,9726,7335,16740
"Charlottesville, VA Metro Area",3809,3072,1749,835,1618,1532,202,262,182,2084,2664,1227,1441,1217,1250,16820
"Chattanooga, TN-GA Metro Area",1951,2060,611,2651,2315,1619,118,241,200,1238,2278,735,3048,1956,1644,16860
"Cheyenne, WY Metro Area",,,,,,,,,,,,,,,,16940
"Chicago-Naperville-Elgin, IL-IN-WI Metro Area",27236,29517,23840,32908,26309,16031,5820,5038,4861,31469,29965,23298,39728,31871,25152,16980
"Chico, CA Metro Area",3942,886,915,706,830,52,808,53,0,1421,817,981,352,744,819,17020
"Chillicothe, OH Micro Area",,,,,,,,,,,,,,,,17060
"Cincinnati, OH-KY-IN Metro Area",14738,12121,9540,7228,8025,5052,738,1524,1178,13477,11755,10374,7463,8433,3372,17140
"Clarksburg, WV Micro Area",,,,,,,,,,,,,,,,17220
"Clarksville, TN-KY Metro Area",1230,1069,750,4005,3704,3403,0,100,266,1921,1252,973,2376,3437,1976,17300
"Clearlake, CA Micro Area",,,,,,,,,,,,,,,,17340
"Cleveland, TN Metro Area",873,1081,679,356,663,343,0,0,210,936,510,733,228,697,0,17420
"Cleveland-Elyria, OH Metro Area",8882,7278,5581,5834,5856,3658,486,488,832,9961,6992,6072,5675,4506,3784,17460
"Coeur d'Alene, ID Metro Area",,,,,,,,,,465,22,48,1133,846,1070,17660
"College Station-Bryan, TX Metro Area",6565,1460,1080,1520,484,789,132,115,360,5737,2049,1713,469,2139,822,17780
"Colorado Springs, CO Metro Area",2614,4044,1509,8215,8657,4900,630,1541,903,3170,2405,2291,7696,4451,5617,17820
"Columbia, MO Metro Area",4167,524,383,1000,1042,257,57,248,78,1396,1192,374,1590,1205,856,17860
"Columbia, SC Metro Area",7589,5856,2436,7085,4190,3975,359,569,52,6761,4120,2876,1883,2656,1571,17900
"Columbus, GA-AL Metro Area",1544,1242,1415,2320,2725,2686,86,161,645,1256,1243,936,2739,2161,1648,17980
"Columbus, IN Metro Area",,,,,,,,,,,,,,,,18020
"Columbus, OH Metro Area",13005,11675,8152,6692,6542,4301,778,943,1745,16880,8939,8510,6412,7457,4768,18140
"Concord, NH Micro Area",1128,291,588,430,741,692,72,0,0,723,307,336,537,611,850,18180
"Cookeville, TN Micro Area",,,,,,,,,,614,1100,687,454,171,181,18260
"Corning, NY Micro Area",,,,,,,,,,912,133,265,446,224,489,18500
"Corpus Christi, TX Metro Area",1971,1419,1016,1016,467,226,0,0,149,3574,757,969,960,1473,391,18580
"Corvallis, OR Metro Area",,,,,,,,,,2518,986,890,622,265,125,18700
"Crestview-Fort Walton Beach-Destin, FL Metro Area",2755,1503,1005,2084,2272,1443,56,530,504,3655,615,866,2306,1648,2236,18880
"Cullman, AL Micro Area",,,,,,,,,,,,,,,,18980
"Cumberland, MD-WV Metro Area",,,,,,,,,,,,,,,,19060
"Dallas-Fort Worth-Arlington, TX Metro Area",36854,49270,30340,25750,25471,19946,4277,6094,5790,40520,50985,34630,17717,16132,13442,19100
"Dalton, GA Metro Area",,,,,,,,,,209,658,354,383,63,102,19140
"Danville, IL Metro Area",,,,,,,,,,,,,,,,19180
"Danville, VA Micro Area",,,,,,,,,,,,,,,,19260
"Daphne-Fairhope-Foley, AL Metro Area",456,483,124,210,1647,1279,0,0,0,334,800,19,840,719,652,19300
"Davenport-Moline-Rock Island, IA-IL Metro Area",1434,1462,690,1389,1464,900,59,220,67,776,1847,273,1524,1289,944,19340
"Dayton-Kettering, OH Metro Area",7139,3020,2360,2647,2743,1843,721,557,180,5598,3176,2138,2509,2936,1895,19430
"Decatur, AL Metro Area",,,,,,,,,,,,,,,,19460
"Decatur, IL Metro Area",,,,,,,,,,1487,401,383,990,423,432,19500
"Deltona-Daytona Beach-Ormond Beach, FL Metro Area",2884,2511,3212,2044,1100,1456,520,105,221,2104,910,980,1867,1210,1265,19660
"Denver-Aurora-Lakewood, CO Metro Area",21249,28740,23787,16335,26965,16959,787,2276,1655,24893,32005,24819,13200,17230,14362,19740
"Des Moines-West Des Moines, IA Metro Area",5092,5306,4400,1461,2531,1997,162,563,69,5742,5301,3740,2639,1697,1107,19780
"Detroit-Warren-Dearborn, MI Metro Area",16727,21284,11373,5052,7503,4732,1596,2062,2198,20629,18483,12494,9875,8076,4761,19820
"Dothan, AL Metro Area",579,317,241,135,724,199,0,0,0,515,540,466,246,505,259,20020
"Dover, DE Metro Area",,,,,,,,,,1349,817,326,749,764,111,20100
"DuBois, PA Micro Area",,,,,,,,,,,,,,,,20180
"Dubuque, IA Metro Area",,,,,,,,,,160,205,139,116,480,121,20220
"Duluth, MN-WI Metro Area",1571,933,414,882,129,276,52,0,8,2290,1068,649,454,476,489,20260
"Durham-Chapel Hill, NC Metro Area",6024,4739,2132,5046,4554,2689,1374,812,289,5296,6342,4628,1874,3462,1119,20500
"East Stroudsburg, PA Metro Area",,,,,,,,,,,,,,,,20700
"Eau Claire, WI Metro Area",2354,1205,697,734,543,618,0,0,0,1431,1133,792,1337,317,396,20740
"El Centro, CA Metro Area",,,,,,,,,,,,,,,,20940
"Elizabethtown-Fort Knox, KY Metro Area",254,1736,224,481,368,424,0,12,0,942,1435,249,91,228,416,21060
"Elkhart-Goshen, IN Metro Area",,,,,,,,,,756,230,1010,411,172,0,21140
"Elmira, NY Metro Area",,,,,,,,,,342,597,703,171,28,248,21300
"El Paso, TX Metro Area",2046,980,1777,2839,2706,3100,1946,1728,721,2570,2671,1259,2614,4760,2352,21340
"Enid, OK Metro Area",,,,,,,,,,,,,,,,21420
"Erie, PA Metro Area",1937,540,337,1431,752,219,0,0,0,2446,955,226,2057,1405,498,21500
"Eugene-Springfield, OR Metro Area",1385,824,914,3073,1147,893,171,51,0,4602,1380,960,2620,1536,2064,21660
"Eureka-Arcata, CA Micro Area",,,,,,,,,,686,900,488,479,842,80,21700
"Evansville, IN-KY Metro Area",2389,1090,677,1317,903,629,83,0,0,2321,1595,1386,1617,957,521,21780
"Fairbanks, AK Metro Area",,,,,,,,,,,,,,,,21820
"Fargo, ND-MN Metro Area",1455,1166,495,4851,1858,666,0,0,66,1398,1080,426,2777,3055,1943,22020
"Faribault-Northfield, MN Micro Area",,,,,,,,,,,,,,,,22060
"Farmington, MO Micro Area",,,,,,,,,,,,,,,,22100
"Farmington, NM Metro Area",,,,,,,,,,242,0,58,289,303,272,22140
"Fayetteville, NC Metro Area",2153,3190,2063,4121,3289,3890,1097,450,723,2195,3708,1233,3005,3908,3346,22180
"Fayetteville-Springdale-Rogers, AR Metro Area",2820,2212,510,2929,773,1169,0,173,0,2259,2584,1029,2145,2804,1867,22220
"Findlay, OH Micro Area",,,,,,,,,,,,,,,,22300
"Flagstaff, AZ Metro Area",,,,,,,,,,1944,484,43,984,996,363,22380
"Flint, MI Metro Area",2013,1857,1295,349,995,412,133,280,0,2095,1753,1296,317,278,390,22420
"Florence, SC Metro Area",941,760,976,0,467,211,262,0,0,1147,307,1018,257,381,194,22500
"Florence-Muscle Shoals, AL Metro Area",,,,,,,,,,,,,,,,22520
"Fond du Lac, WI Metro Area",697,291,593,79,5,88,0,139,0,1573,125,352,0,126,68,22540
"Fort Collins, CO Metro Area",4515,3433,761,3005,3956,1317,195,113,89,2427,1915,863,2471,1896,1893,22660
"Fort Payne, AL Micro Area",,,,,,,,,,,,,,,,22840
"Fort Smith, AR-OK Metro Area",1135,822,1711,939,1640,233,0,0,0,1384,425,735,941,1149,974,22900
"Fort Wayne, IN Metro Area",1738,1519,552,1458,602,448,103,445,389,2985,1966,940,2379,1524,845,23060
"Frankfort, KY Micro Area",,,,,,,,,,,,,,,,23180
"Fresno, CA Metro Area",3442,4090,1780,394,675,557,1191,137,164,2724,3545,2173,1456,1353,2528,23420
"Gadsden, AL Metro Area",,,,,,,,,,,,,,,,23460
"Gainesville, FL Metro Area",8713,1699,1391,1309,1128,695,991,354,152,3498,4631,2208,3037,1364,1265,23540
"Gainesville, GA Metro Area",1755,1399,607,142,601,0,188,0,0,803,374,234,363,279,0,23580
"Gallup, NM Micro Area",,,,,,,,,,,,,,,,23700
"Gettysburg, PA Metro Area",435,392,268,446,159,135,249,394,24,585,466,435,169,0,31,23900
"Glens Falls, NY Metro Area",,,,,,,,,,1315,227,774,602,14,77,24020
"Glenwood Springs, CO Micro Area",,,,,,,,,,,,,,,,24060
"Goldsboro, NC Metro Area",,,,,,,,,,,,,,,,24140
"Grand Forks, ND-MN Metro Area",1318,551,184,2833,1402,931,255,303,93,437,547,177,1804,872,111,24220
"Grand Island, NE Metro Area",,,,,,,,,,,,,,,,24260
"Grand Junction, CO Metro Area",579,697,512,614,471,427,0,0,0,1385,465,0,743,533,341,24300
"Grand Rapids-Kentwood, MI Metro Area",10763,5678,4699,1273,1495,1599,65,128,410,8509,6338,5451,2374,2770,1673,24340
"Grants Pass, OR Metro Area",,,,,,,,,,,,,,,,24420
"Great Falls, MT Metro Area",,,,,,,,,,160,295,63,123,267,190,24500
"Greeley, CO Metro Area",2027,2680,1701,1367,2167,1994,72,0,0,1485,2230,529,2448,1493,885,24540
"Green Bay, WI Metro Area",2443,754,986,575,1007,414,171,44,29,3083,929,987,677,425,637,24580
"Greeneville, TN Micro Area",,,,,,,,,,,,,,,,24620
"Greensboro-High Point, NC Metro Area",5622,3468,1653,2381,3948,1574,97,247,0,5117,3538,3460,2058,1463,1325,24660
"Greenville, NC Metro Area",,,,,,,,,,1578,708,114,347,424,109,24780
"Greenville-Anderson, SC Metro Area",7819,4843,2774,3432,3471,2948,95,282,813,5815,5679,1812,3415,2056,812,24860
"Greenwood, SC Micro Area",,,,,,,,,,,,,,,,24940
"Guayama, PR Metro Area",,,,,,,,,,,,,,,,25020
"Gulfport-Biloxi, MS Metro Area",970,1481,1710,3130,1752,1731,87,449,436,1238,1668,1368,2064,1359,1525,25060
"Hagerstown-Martinsburg, MD-WV Metro Area",276,616,288,1453,1212,1093,89,57,0,2351,492,198,1870,1633,455,25180
"Hammond, LA Metro Area",,,,,,,,,,,,,,,,25220
"Hanford-Corcoran, CA Metro Area",,,,,,,,,,639,1058,404,374,232,157,25260
"Harrisburg-Carlisle, PA Metro Area",2785,3006,2426,2215,2757,1565,320,49,116,3923,3075,2490,1398,1938,1151,25420
"Harrisonburg, VA Metro Area",2475,488,833,584,195,378,91,99,0,1709,759,508,1548,258,19,25500
"Hartford-East Hartford-Middletown, CT Metro Area",5864,2839,3455,6510,3950,1699,624,719,909,5311,5199,3729,4600,5159,3591,25540
"Hattiesburg, MS Metro Area",,,,,,,,,,3075,1153,465,461,445,718,25620
"Heber, UT Micro Area",,,,,,,,,,,,,,,,25720
"Helena, MT Micro Area",,,,,,,,,,,,,,,,25740
"Hermiston-Pendleton, OR Micro Area",,,,,,,,,,,,,,,,25840
"Hickory-Lenoir-Morganton, NC Metro Area",1947,886,621,392,501,693,201,162,0,2004,1053,573,477,151,183,25860
"Hilo, HI Micro Area",61,165,0,598,1145,949,116,260,200,274,177,246,1010,340,46,25900
"Hilton Head Island-Bluffton, SC Metro Area",595,591,145,1573,1726,842,89,0,0,944,37,164,1498,1242,164,25940
"Hinesville, GA Metro Area",,,,,,,,,,342,188,710,650,637,762,25980
"Hobbs, NM Micro Area",,,,,,,,,,,,,,,,26020
"Holland, MI Micro Area",,,,,,,,,,,,,,,,26090
"Homosassa Springs, FL Metro Area",,,,,,,,,,,,,,,,26140
"Hot Springs, AR Metro Area",,,,,,,,,,,,,,,,26300
"Houma-Thibodaux, LA Metro Area",,,,,,,,,,1345,1078,508,118,549,51,26380
"Houston-The Woodlands-Sugar Land, TX Metro Area",29804,36808,24182,15110,17712,15211,4218,3890,4483,29812,30074,25051,13224,13598,9712,26420
"Huntington-Ashland, WV-KY-OH Metro Area",2128,947,1037,922,949,359,28,230,0,1151,1269,704,526,1124,760,26580
"Huntsville, AL Metro Area",3562,2199,996,1945,1829,2034,171,770,19,2206,1893,473,1992,2721,580,26620
"Huntsville, TX Micro Area",,,,,,,,,,,,,,,,26660
"Idaho Falls, ID Metro Area",460,720,1124,788,1102,1415,101,13,0,1425,376,1144,668,210,179,26820
"Indiana, PA Micro Area",,,,,,,,,,,,,,,,26860
"Indianapolis-Carmel-Anderson, IN Metro Area",19362,12317,7065,5069,4495,3894,1508,1522,936,17040,11336,6560,6873,6548,3848,26900
"Iowa City, IA Metro Area",3778,1267,324,1679,673,183,579,133,198,1783,743,653,1043,2171,265,26980
"Ithaca, NY Metro Area",,,,,,,,,,937,612,524,1009,789,565,27060
"Jackson, MI Metro Area",546,448,741,241,125,160,0,30,0,1126,889,466,234,106,154,27100
"Jackson, MS Metro Area",2172,2239,1205,913,994,815,0,74,189,2149,1115,1294,493,1736,847,27140
"Jackson, TN Metro Area",510,867,694,426,0,685,0,0,0,1520,774,261,396,232,110,27180
"Jacksonville, FL Metro Area",8117,6869,4365,7176,5947,7626,499,344,295,7913,5928,4150,4590,5024,3739,27260
"Jacksonville, NC Metro Area",1947,192,790,5372,3183,1845,202,103,0,1383,967,643,2925,3396,2176,27340
"Jamestown-Dunkirk-Fredonia, NY Micro Area",,,,,,,,,,476,35,146,416,195,43,27460
"Janesville-Beloit, WI Metro Area",,,,,,,,,,1366,315,331,594,360,95,27500
"Jefferson, GA Micro Area",,,,,,,,,,,,,,,,27600
"Jefferson City, MO Metro Area",,,,,,,,,,1531,515,788,0,233,384,27620
"Johnson City, TN Metro Area",2596,850,325,273,275,1088,15,0,0,1595,1535,508,591,1391,475,27740
"Johnstown, PA Metro Area",446,129,362,91,20,0,0,0,0,,,,,,,27780
"Jonesboro, AR Metro Area",,,,,,,,,,823,998,592,367,313,64,27860
"Joplin, MO Metro Area",1219,1047,476,383,553,161,0,0,0,957,750,93,445,1172,0,27900
"Kahului-Wailuku-Lahaina, HI Metro Area",,,,,,,,,,199,116,98,476,562,36,27980
"Kalamazoo-Portage, MI Metro Area",4584,668,875,623,938,432,140,87,0,2479,2433,647,489,815,711,28020
"Kalispell, MT Micro Area",,,,,,,,,,,,,,,,28060
"Kankakee, IL Metro Area",,,,,,,,,,,,,,,,28100
"Kansas City, MO-KS Metro Area",11850,10446,6660,12654,13035,10314,990,461,378,10913,9736,6437,11991,12314,8077,28140
"Kapaa, HI Micro Area",,,,,,,,,,,,,,,,28180
"Keene, NH Micro Area",,,,,,,,,,,,,,,,28300
"Kennewick-Richland, WA Metro Area",1740,1439,346,435,481,917,0,0,122,1818,1689,1739,899,485,408,28420
"Key West, FL Micro Area",,,,,,,,,,379,1083,438,240,499,187,28580
