NAME,B01001_001E,B01001_008E,B01001_009E,B01001_010E,B01001_011E,B01001_012E,B14001_007E,B14001_008E,B14001_009E,B15012_002E,B15012_007E,B28010_003E,metropolitan statistical area/micropolitan statistical area
"Big Stone Gap, VA Micro Area",42456,356,238,1035,1791,1490,2222,1982,274,235,98,10638,13720
"Billings, MT Metro Area",179071,774,904,3687,5856,5880,8739,6202,1667,790,2414,59378,13740
"Binghamton, NY Metro Area",241874,2593,2894,5923,7021,6628,11668,19329,4190,3018,5089,76819,13780
"Birmingham-Hoover, AL Metro Area",1085330,6687,6550,19721,37169,35364,56538,50427,14030,9728,15674,302414,13820
"Bismarck, ND Metro Area",127503,731,865,2573,4842,5133,5557,5512,1381,890,1522,43666,13900
"Blackfoot, ID Micro Area",45839,326,347,717,1300,1320,3045,1716,244,178,500,11748,13940
"Blacksburg-Christiansburg, VA Metro Area",166785,3791,3010,6450,6255,4826,6458,32437,5744,1673,4494,47939,13980
"Bloomington, IL Metro Area",172578,2396,3413,4779,5686,5520,8312,24079,2977,4159,2397,53593,14010
"Bloomington, IN Metro Area",167296,3597,3961,6862,6951,5317,6134,32264,8126,2347,2638,51910,14020
"Bloomsburg-Berwick, PA Metro Area",83974,793,851,1974,2447,2401,3508,7999,741,643,659,24333,14100
"Bluefield, WV-VA Micro Area",107910,875,543,1866,3283,3059,4817,4374,702,533,814,27841,14140
"Blytheville, AR Micro Area",42126,175,347,861,1534,1279,2655,1188,305,44,199,9631,14180
"Bogalusa, LA Micro Area",46435,245,397,736,1442,1245,2363,1367,197,112,53,9019,14220
"Boise City, ID Metro Area",710743,4669,4888,13548,24991,24618,42599,36353,7529,6998,12254,218696,14260
"Bonham, TX Micro Area",34537,288,346,654,1235,1373,2076,1271,128,90,188,8612,14300
"Boone, NC Micro Area",54925,1599,1455,2644,1796,1423,1846,14099,1317,676,442,17581,14380
"Borger, TX Micro Area",21344,279,107,304,565,728,1244,917,58,148,236,5018,14420
"Boston-Cambridge-Newton, MA-NH Metro Area",4832346,34833,34536,102856,188377,175147,237633,310365,114214,95233,160584,1542736,14460
"Boulder, CO Metro Area",322510,3986,4380,9327,13193,11053,15749,34834,8954,9352,16865,115749,14500
"Bowling Green, KY Metro Area",174498,1922,1775,5401,6162,5397,8611,15617,2337,991,1539,47582,14540
"Bozeman, MT Micro Area",108063,2037,1395,3923,5039,4342,4082,12209,2293,1348,2872,38895,14580
"Bradford, PA Micro Area",41401,230,286,888,1355,1421,2051,1723,206,141,268,12246,14620
"Brainerd, MN Micro Area",93485,338,489,1401,2450,2547,4514,2220,464,495,643,30375,14660
"Branson, MO Micro Area",55114,339,566,952,1517,1435,2679,2943,189,247,155,16962,14700
"Breckenridge, CO Micro Area",30649,277,40,803,1723,1482,1001,996,265,308,884,9431,14720
"Bremerton-Silverdale-Port Orchard, WA Metro Area",265882,2037,2598,8017,11256,9677,12389,11891,2386,2804,6546,91682,14740
"Brenham, TX Micro Area",35163,330,166,567,820,707,1895,2707,132,230,242,8360,14780
"Brevard, NC Micro Area",33775,161,275,600,695,789,1486,1259,156,209,517,10649,14820
"Bridgeport-Stamford-Norwalk, CT Metro Area",943926,5318,6192,19077,26746,27432,57499,51759,13667,15366,21660,287606,14860
"Brookhaven, MS Micro Area",34320,201,140,601,1012,951,2032,1253,88,77,242,7338,15020
"Brookings, OR Micro Area",22650,228,49,226,634,434,697,262,211,179,280,8168,15060
"Brookings, SD Micro Area",34601,777,873,1527,1577,1140,1315,7116,1095,435,557,10530,15100
"Brownsville, TN Micro Area",17623,51,66,290,445,456,1055,468,164,26,26,3787,15140
"Brownsville-Harlingen, TX Metro Area",421666,3953,3228,8940,13678,12056,29675,18312,2145,1403,2926,67921,15180
"Brownwood, TX Micro Area",37855,305,195,652,1168,1101,2046,1552,257,190,257,9735,15220
"Brunswick, GA Metro Area",117400,785,676,1824,3428,3118,6175,3516,830,484,824,32805,15260
"Bucyrus-Galion, OH Micro Area",41821,235,203,815,1228,1061,2111,1022,115,160,206,12347,15340
"Buffalo-Cheektowaga, NY Metro Area",1130175,7639,7971,21447,41669,37078,56415,62263,17436,9924,16088,357684,15380
"Burley, ID Micro Area",44395,282,233,924,1429,1325,3099,1256,160,81,159,11201,15420
"Burlington, IA-IL Micro Area",46195,191,194,820,1321,1197,2298,1350,247,156,416,14012,15460
"Burlington, NC Metro Area",163324,1183,1240,2632,4914,4665,9332,10839,1039,1281,1502,46626,15500
"Burlington-South Burlington, VT Metro Area",218784,2451,2681,5604,7934,7098,10322,19805,4311,3054,5183,74199,15540
"Butte-Silver Bow, MT Micro Area",34770,361,405,854,1115,969,1479,2550,395,321,876,10716,15580
"Cadillac, MI Micro Area",48284,248,153,973,1360,1422,2485,1189,127,128,408,13334,15620
"Calhoun, GA Micro Area",57202,254,603,867,1701,1843,3146,1915,240,274,356,14161,15660
"California-Lexington Park, MD Metro Area",112290,697,873,2322,4114,3814,6246,6793,2158,1751,5045,33852,15680
"Cambridge, MD Micro Area",32138,176,94,545,959,868,1639,863,374,234,266,9184,15700
"Cambridge, OH Micro Area",39111,230,141,773,1220,1180,1993,1458,226,139,242,10620,15740
"Camden, AR Micro Area",29022,167,377,471,656,842,1450,1026,90,67,258,6485,15780
"Campbellsville, KY Micro Area",36550,227,362,720,1201,1016,2063,2094,343,139,71,9101,15820
"Cañon City, CO Micro Area",47321,59,172,1131,2204,2762,2115,942,304,349,319,13496,15860
"Canton-Massillon, OH Metro Area",399736,2530,2595,7261,12057,11185,20528,18050,3064,2060,4380,121484,15940
"Cape Coral-Fort Myers, FL Metro Area",737468,4003,3980,10391,20686,19787,32327,28789,6349,5366,10852,226174,15980
"Cheyenne, WY Metro Area",98320,834,705,2224,3987,3835,4644,4364,1112,447,1401,32661,16940
"Chicago-Naperville-Elgin, IL-IN-WI Metro Area",9508605,61788,61912,194078,347249,338221,527812,490001,151731,134649,189477,2799434,16980
"Cape Girardeau, MO-IL Metro Area",96976,1133,821,2495,3006,2803,4533,8404,1090,607,673,25824,16020
"Carbondale-Marion, IL Metro Area",137573,1408,1824,3809,5298,4643,6104,12976,3178,633,1053,37274,16060
"Carlsbad-Artesia, NM Micro Area",57732,234,405,1278,2085,2179,3122,1399,287,105,441,14908,16100
"Carroll, IA Micro Area",20281,92,20,460,499,547,1083,497,165,92,65,6667,16140
"Carson City, NV Metro Area",54773,298,201,1207,1996,1905,2868,2398,417,319,846,17577,16180
"Casper, WY Metro Area",80333,610,437,1256,3193,3148,4016,4025,686,318,832,25572,16220
"Cedar City, UT Micro Area",51213,444,812,1737,1960,1578,3190,5585,498,246,340,14422,16260
"Cedar Rapids, IA Metro Area",270056,1672,1635,5521,9190,8820,13778,12712,2541,2856,5390,87571,16300
"Cedartown, GA Micro Area",41908,249,341,860,1356,1334,2108,1449,223,80,144,9449,16340
"Celina, OH Micro Area",40884,256,248,700,1252,1164,2467,1111,204,169,377,12663,16380
"Central City, KY Micro Area",30951,211,283,612,996,907,1824,944,198,48,122,7475,16420
"Centralia, IL Micro Area",37743,156,206,688,1205,1053,1666,1120,191,78,121,10819,16460
"Centralia, WA Micro Area",78145,389,253,1448,2474,2286,4069,2749,555,395,655,23372,16500
"Chambersburg-Waynesboro, PA Metro Area",154147,718,739,2712,4494,4514,8295,4994,1260,1072,1253,46372,16540
"Champaign-Urbana, IL Metro Area",226323,4441,4122,9870,9126,7510,9231,36643,11700,3404,4581,74132,16580
"Charleston, WV Metro Area",264113,1223,1506,4440,7958,7574,12087,8218,2371,1501,2501,74081,16620
"Charleston-Mattoon, IL Micro Area",62189,625,880,1883,2090,1959,2512,7076,1039,370,493,18356,16660
"Charleston-North Charleston, SC Metro Area",774508,5759,5806,14984,30748,29173,37741,38453,10450,7655,14208,229146,16700
"Charlotte-Concord-Gastonia, NC-SC Metro Area",2545560,14442,15958,46984,88847,85692,141569,120359,27150,34421,46469,762130,16740
"Charlottesville, VA Metro Area",215445,2148,1909,4166,7527,7036,9538,19886,6299,3008,4712,70218,16820
"Chattanooga, TN-GA Metro Area",556209,3847,2987,10176,19257,17857,25811,28339,4762,4006,9160,158275,16860
"Chico, CA Metro Area",225817,2876,2938,6791,8352,6798,10777,25767,2419,1433,1934,69751,17020
"Chillicothe, OH Micro Area",76948,389,484,1567,2843,2783,4467,2230,460,221,375,20691,17060
"Cincinnati, OH-KY-IN Metro Area",2201741,14956,15883,42645,75748,71248,119342,112781,27273,24538,42000,673670,17140
"Clarksburg, WV Micro Area",93332,504,319,1682,2869,2817,4262,2806,546,406,761,25513,17220
"Clarksdale, MS Micro Area",23255,165,190,404,719,592,1331,1377,251,47,32,4632,17260
"Clarksville, TN-KY Metro Area",299470,2731,3117,10328,15818,12052,15194,18175,4010,1665,2143,84306,17300
"Clearlake, CA Micro Area",64195,271,420,927,1835,1814,3401,2647,328,254,527,18786,17340
"Cleveland, MS Micro Area",31848,229,162,754,1126,977,1642,2637,379,119,95,6758,17380
"Cleveland, TN Metro Area",122563,937,926,2209,3936,3486,6128,7323,872,583,1384,33042,17420
"Cleveland-Elyria, OH Metro Area",2056898,12855,11926,39395,67185,61974,109703,100496,27947,18363,35182,650813,17460
"Clewiston, FL Micro Area",40732,263,327,1156,1491,1581,2226,1283,12,14,125,6318,17500
"Clinton, IA Micro Area",46909,184,298,698,1236,1296,2430,1486,345,110,325,14079,17540
"Clovis, NM Micro Area",49732,436,685,1709,2523,2133,2630,2883,620,183,262,12802,17580
"Coamo, PR Micro Area",38906,248,199,722,1192,1100,1844,1944,250,182,237,5165,17620
"Coco, PR Micro Area",28109,102,227,642,912,717,1731,1377,161,61,89,3893,17640
"Coeur d'Alene, ID Metro Area",157322,1267,565,2621,5004,4798,8248,5906,1023,961,1684,49863,17660
"Coffeyville, KS Micro Area",32521,332,280,679,933,969,1491,1537,214,136,294,9037,17700
"Coldwater, MI Micro Area",43513,199,259,702,1412,1394,2226,1088,184,124,303,11701,17740
"College Station-Bryan, TX Metro Area",258029,7944,5378,10989,11596,8701,11028,47611,11405,2327,6438,73492,17780
"Colorado Springs, CO Metro Area",723498,6179,6565,20386,31317,28012,38693,47262,10081,13595,15765,230832,17820
"Columbia, MO Metro Area",205369,3057,4042,6578,8528,7062,8735,28175,6861,2436,3606,66483,17860
"Columbia, SC Metro Area",824278,7527,7368,18464,29676,26167,43780,53210,12415,7539,10491,238154,17900
"Columbus, GA-AL Metro Area",319402,2994,2748,7531,13875,12106,16605,19278,4836,2668,2144,82091,17980
"Cullman, AL Micro Area",82853,638,514,1184,2751,2539,4155,2521,314,241,355,19324,18980
"Columbus, IN Metro Area",82481,534,500,1695,3308,2896,4518,2665,879,1242,4450,24391,18020
"Columbus, MS Micro Area",59150,283,276,1477,2132,1826,2966,2897,433,263,451,14586,18060
"Columbus, NE Micro Area",33174,184,180,599,1082,1036,1972,1088,300,59,442,9438,18100
"Columbus, OH Metro Area",2077761,14742,14492,39688,84197,77877,110187,117458,32284,27831,39644,637258,18140
"Concord, NH Micro Area",149917,1307,813,2991,4650,4625,7655,8395,1633,1727,2511,49211,18180
"Connersville, IN Micro Area",23194,130,217,378,682,545,1136,703,55,116,105,6609,18220
"Cookeville, TN Micro Area",111197,1216,1295,2917,3825,3029,4973,9020,939,588,1280,31924,18260
"Coos Bay, OR Micro Area",63686,386,301,779,1789,1706,2945,1704,493,229,638,20016,18300
"Cordele, GA Micro Area",22713,126,330,258,454,667,1237,1238,100,28,58,4590,18380
"Corinth, MS Micro Area",37090,177,201,782,1045,1221,1870,1256,266,95,148,8905,18420
"Cornelia, GA Micro Area",44626,422,215,839,1259,1232,2274,2288,242,122,275,10083,18460
"Corning, NY Micro Area",96422,728,468,1566,2809,2924,4988,2735,519,884,1750,29649,18500
"Corpus Christi, TX Metro Area",428548,3041,2874,9122,16104,15435,23772,21456,2889,1711,4102,101586,18580
"Corsicana, TX Micro Area",48995,500,265,846,1452,1216,2870,1782,280,105,164,11017,18620
"Cortland, NY Micro Area",47865,692,869,1093,1441,1264,2317,6256,579,296,426,13789,18660
"Corvallis, OR Metro Area",91107,1996,2046,4265,3682,2669,3808,17485,3898,1607,3928,32207,18700
"Coshocton, OH Micro Area",36585,169,169,602,1104,985,1814,899,252,48,160,9367,18740
"Craig, CO Micro Area",13127,27,105,211,716,391,564,257,97,33,102,3988,18780
"Crawfordsville, IN Micro Area",38287,473,408,570,1197,1073,2050,1442,202,183,171,11122,18820
"Crescent City, CA Micro Area",27495,191,86,521,1295,1233,1555,751,102,75,201,7434,18860
"Crestview-Fort Walton Beach-Destin, FL Metro Area",272056,2219,1993,5793,11453,10349,12393,11774,2725,3033,5670,85518,18880
"Crossville, TN Micro Area",59216,369,282,827,1676,1291,2211,1331,301,289,576,18874,18900
"Decatur, IN Micro Area",35376,249,193,675,1142,947,1779,696,192,104,243,8299,19540
"Defiance, OH Micro Area",38160,242,405,632,1082,1143,2061,1655,225,113,316,11434,19580
"Del Rio, TX Micro Area",48969,559,439,1306,2143,1817,3163,2146,364,291,380,9607,19620
"Deltona-Daytona Beach-Ormond Beach, FL Metro Area",646288,4380,4031,10100,19404,17365,29061,33165,5333,4173,7758,201767,19660
"Deming, NM Micro Area",24083,194,167,497,717,816,1100,553,126,31,124,4157,19700
"Denver-Aurora-Lakewood, CO Metro Area",2892066,15826,16373,54101,122184,125047,149987,125765,43907,47313,78244,955937,19740
"DeRidder, LA Micro Area",37043,367,348,558,1370,1380,2065,1149,171,92,150,9113,19760
"Des Moines-West Des Moines, IA Metro Area",680439,4128,3361,12866,24670,25609,37432,28564,8682,8115,7749,214440,19780
"Detroit-Warren-Dearborn, MI Metro Area",4317848,25894,25969,85586,152295,132070,237541,213369,52345,43763,129088,1308397,19820
"Dickinson, ND Micro Area",32003,227,107,704,1569,1408,1411,1304,132,149,294,9662,19860
"Dixon, IL Micro Area",34389,219,273,563,1301,1187,1788,1409,173,133,238,10267,19940
"Dodge City, KS Micro Area",34179,157,219,990,1385,1246,2188,1180,162,124,178,6955,19980
"Cullowhee, NC Micro Area",57198,799,758,1491,1646,1498,2270,7409,642,301,303,15280,19000
"Cumberland, MD-WV Metro Area",98612,981,1020,1999,3454,3304,4323,6936,753,588,697,26150,19060
"Dallas-Fort Worth-Arlington, TX Metro Area",7320663,48018,47483,147041,271070,267640,430087,366947,94482,109716,158200,2054644,19100
"Dalton, GA Metro Area",143961,1139,1084,2540,5150,4454,9070,5868,677,379,557,33082,19140
"Danville, IL Metro Area",77563,511,451,1444,2332,2381,4201,2556,351,164,248,20466,19180
"Danville, KY Micro Area",54448,626,387,980,1731,1539,2753,3196,354,349,267,13627,19220
"Danville, VA Micro Area",102326,711,504,1786,3025,2734,5227,3993,766,400,448,27876,19260
"Daphne-Fairhope-Foley, AL Metro Area",212830,1156,865,3524,6048,5802,10617,6724,1271,1105,4051,61722,19300
"Davenport-Moline-Rock Island, IA-IL Metro Area",381175,2982,2039,6422,11611,12183,19690,17362,3552,2899,5773,113737,19340
"Dayton, TN Micro Area",32719,158,198,749,1050,947,1680,1472,304,67,306,7641,19420
"Dayton-Kettering, OH Metro Area",803543,6923,5656,14996,27740,25221,40302,51473,12328,7378,17284,252173,19430
"Decatur, AL Metro Area",152271,641,1455,2190,4812,4626,7846,5240,955,923,2525,38892,19460
"Decatur, IL Metro Area",105528,655,568,1934,3167,2878,5236,4308,700,530,1001,31008,19500
"Dothan, AL Metro Area",148252,951,962,2195,4479,4327,7828,5553,1222,857,1078,36180,20020
"Douglas, GA Micro Area",51260,497,276,1094,2119,1776,3040,2083,376,107,139,9844,20060
"Dover, DE Metro Area",176699,1463,1247,3770,6450,5456,9115,11383,2392,1004,1270,50715,20100
"Dublin, GA Micro Area",63891,346,504,1175,2081,1652,3418,2059,410,184,212,13505,20140
"DuBois, PA Micro Area",79908,402,429,1676,2706,2683,3559,1791,303,209,508,21754,20180
"Dubuque, IA Metro Area",96982,602,1015,1767,3129,3201,4872,6211,1017,1038,1581,29038,20220
"Duluth, MN-WI Metro Area",289247,2872,2532,6362,8813,8785,12952,20498,3070,1953,3087,92079,20260
"Dumas, TX Micro Area",21399,294,83,562,756,706,1251,652,97,109,209,4168,20300
"Duncan, OK Micro Area",43647,234,323,539,1308,1263,2504,1185,176,124,332,10818,20340
"Durango, CO Micro Area",55617,292,277,1107,2103,1897,2517,3444,653,603,1009,17789,20420
"Durant, OK Micro Area",46457,386,381,794,1768,1552,2388,2813,454,285,83,11362,20460
"Durham-Chapel Hill, NC Metro Area",626695,5545,5481,12210,22822,21703,30554,46102,19494,11399,13197,199066,20500
"Dyersburg, TN Micro Area",37416,257,185,536,1151,973,2055,1206,105,90,245,9746,20540
"Eagle Pass, TX Micro Area",58174,544,879,1251,2229,1916,4614,1776,167,200,324,8611,20580
"Easton, MD Micro Area",37167,56,79,577,844,814,1888,1274,374,328,671,13824,20660
"East Stroudsburg, PA Metro Area",168032,1214,1207,3844,5211,4490,9911,9494,1574,1376,1520,46665,20700
"Eau Claire, WI Metro Area",167406,1770,2024,4026,5712,5971,7843,14224,1307,1355,1270,52714,20740
"Edwards, CO Micro Area",54681,461,199,691,2483,2440,2988,1780,313,643,726,14587,20780
"Effingham, IL Micro Area",34137,195,315,508,1224,1159,1792,1096,176,129,330,10192,20820
"El Campo, TX Micro Area",41577,305,359,808,1291,1243,2641,1550,130,95,129,8869,20900
"El Centro, CA Metro Area",180701,1176,2195,4076,7898,7143,13105,11560,1178,493,1346,30081,20940
"El Dorado, AR Micro Area",39449,190,312,613,1142,1171,2246,1390,307,279,317,9568,20980
"Elizabeth City, NC Micro Area",52944,493,321,809,1736,1728,2517,3273,245,410,458,14377,21020
"Elizabethtown-Fort Knox, KY Metro Area",150913,763,1116,3679,5204,4979,8326,7470,1573,1084,1053,43077,21060
"Elk City, OK Micro Area",22268,139,141,477,966,1105,1387,614,120,178,125,5395,21120
"Elkhart-Goshen, IN Metro Area",204558,1851,1237,3678,6732,6350,12056,6088,705,819,1200,51109,21140
"Elkins, WV Micro Area",28930,213,200,485,1060,920,1097,977,110,88,157,6937,21180
"Elko, NV Micro Area",54156,296,307,1093,2118,2082,3151,1658,426,170,556,15036,21220
"Ellensburg, WA Micro Area",45897,1117,889,1604,1668,1302,2000,8070,531,332,478,15751,21260
"Elmira, NY Metro Area",84895,680,536,1330,2945,2641,4260,3047,421,372,848,25847,21300
"El Paso, TX Metro Area",840477,7710,8468,22105,35322,29979,53329,62210,12139,5126,10262,186486,21340
"Emporia, KS Micro Area",35888,494,509,1098,1171,998,1825,4019,530,155,104,11120,21380
"Enid, OK Metro Area",61898,588,446,1383,2326,2203,3255,2379,502,111,515,16587,21420
"Enterprise, AL Micro Area",51662,319,203,968,1728,1660,2946,2058,464,307,400,13887,21460
"Erie, PA Metro Area",273835,1747,2049,5753,9569,8633,13380,15609,3740,1986,3285,81835,21500
"Escanaba, MI Micro Area",36026,208,175,438,967,908,1901,883,206,131,294,11214,21540
"Española, NM Micro Area",39159,425,187,517,1168,1067,1941,1351,179,257,307,6679,21580
"Forrest City, AR Micro Area",25900,78,213,466,1089,1132,1666,682,160,12,221,4349,22620
"Eufaula, AL-GA Micro Area",27650,315,135,526,1205,1229,1471,796,111,45,136,5238,21640
"Eugene-Springfield, OR Metro Area",373340,3103,3977,10755,13497,11548,17060,30201,4304,2566,3085,126596,21660
"Eureka-Arcata, CA Micro Area",135940,1210,979,4069,4895,4602,5625,12412,1532,926,1187,43045,21700
"Evanston, WY Micro Area",20479,47,154,359,521,665,1179,506,51,57,163,6104,21740
"Evansville, IN-KY Metro Area",314960,1756,1982,5968,10725,9810,15898,15184,2547,2063,3478,94057,21780
"Fairbanks, AK Metro Area",99072,1570,1201,4014,5750,4442,4234,7139,1847,588,1441,30054,21820
"Fairfield, IA Micro Area",18148,112,121,423,720,518,655,1317,511,375,251,5221,21840
"Fairmont, MN Micro Area",19852,120,161,261,566,591,899,409,57,104,145,6098,21860
"Fairmont, WV Micro Area",56355,312,493,1539,1659,1581,2555,3296,432,261,494,16081,21900
"Fallon, NV Micro Area",24259,146,221,410,820,940,1125,744,100,137,110,7929,21980
"Fort Morgan, CO Micro Area",28517,177,167,571,910,1039,1800,725,167,89,112,7651,22820
"Fort Payne, AL Micro Area",71310,604,479,1050,2226,2017,4086,2529,178,165,320,15754,22840
"Fort Polk South, LA Micro Area",49646,733,774,2025,2810,2081,2288,2397,584,252,233,12596,22860
"Fort Smith, AR-OK Metro Area",249777,1793,1656,4585,8157,7586,13432,9936,1482,1207,1643,62263,22900
"Fargo, ND-MN Metro Area",240421,2393,3071,7408,11119,9903,10757,23616,4242,2532,3053,82031,22020
"Faribault-Northfield, MN Micro Area",66185,1144,810,1607,1878,2279,3296,7552,429,426,596,17812,22060
"Farmington, MO Micro Area",66643,426,463,1628,3171,2801,3722,2213,582,92,240,17215,22100
"Farmington, NM Metro Area",126515,843,735,2332,4521,4340,7382,6232,1077,290,911,28831,22140
"Fayetteville, NC Metro Area",519101,5198,5777,15509,25130,20281,28253,37251,7830,3356,2755,144995,22180
"Fayetteville-Springdale-Rogers, AR Metro Area",514259,4551,4157,12117,19594,19183,27081,33355,6164,6421,7998,149482,22220
"Fergus Falls, MN Micro Area",58195,319,375,805,1388,1451,2753,1243,325,274,503,17941,22260
"Fernley, NV Micro Area",54380,236,204,798,1759,1708,2701,1519,160,345,363,16670,22280
"Findlay, OH Micro Area",75837,347,472,1593,2719,2537,3817,3706,1013,568,1476,25610,22300
"Fitzgerald, GA Micro Area",17033,95,139,280,364,362,1009,421,53,58,54,3516,22340
"Flagstaff, AZ Metro Area",141274,2190,2116,4671,5698,4461,6707,23660,2328,1053,1889,37356,22380
"Flint, MI Metro Area",407875,2702,2617,7661,12841,10962,23242,17852,3884,1958,4435,119067,22420
"Florence, SC Metro Area",205502,1305,1258,3582,6389,5735,10911,10261,1679,1022,1618,51239,22500
"Florence-Muscle Shoals, AL Metro Area",147327,1116,846,3363,4838,4199,6784,8599,988,907,1130,39376,22520
"Fond du Lac, WI Metro Area",102597,860,545,1797,2983,3086,5202,5212,557,399,967,32161,22540
"Forest City, NC Micro Area",66599,333,365,1000,1743,1729,3307,2234,325,183,542,17545,22580
"Fort Leonard Wood, MO Micro Area",52425,1435,903,2540,3010,2568,3375,4309,947,187,527,12040,22780
"Fort Madison-Keokuk, IA-IL-MO Micro Area",58989,362,448,858,1759,1617,2754,1677,224,145,316,16552,22800
"Fort Wayne, IN Metro Area",406305,2265,2846,8217,14208,13024,22756,18956,3456,3039,5553,122909,23060
"Frankfort, IN Micro Area",32273,134,250,525,976,976,1880,912,70,27,149,8029,23140
"Frankfort, KY Micro Area",72938,647,268,1404,2539,2104,3522,3105,786,817,614,21336,23180
"Fredericksburg, TX Micro Area",26459,81,65,449,527,506,1352,406,106,124,344,7944,23240
"Freeport, IL Micro Area",45093,255,282,699,1282,1134,1985,1500,239,245,320,14535,23300
"Fremont, NE Micro Area",36665,354,228,621,1103,1059,1862,1713,373,117,33,11236,23340
"Fremont, OH Micro Area",59029,404,262,906,1636,1737,3406,2069,367,139,360,17284,23380
"Fresno, CA Metro Area",984521,7845,7613,21381,40691,36453,61841,64060,9343,3644,6574,216994,23420
"Gadsden, AL Metro Area",102748,744,669,1752,3236,2779,5338,4020,530,353,538,24688,23460
"Gaffney, SC Micro Area",56895,360,500,826,1979,1568,3105,2304,444,227,325,12997,23500
"Gainesville, FL Metro Area",323799,5282,5171,11694,13120,10530,12295,45618,12645,2852,5991,96021,23540
"Gainesville, GA Metro Area",198667,1315,1539,3866,6855,6294,11658,9420,1447,1364,1979,50275,23580
"Gainesville, TX Micro Area",40041,176,274,868,1231,1113,2126,1663,149,240,355,10351,23620
"Galesburg, IL Micro Area",50508,515,537,822,1531,1532,2109,3309,286,264,260,13457,23660
"Gallup, NM Micro Area",72438,623,429,1553,2821,2436,4572,3041,450,174,264,8884,23700
"Garden City, KS Micro Area",40657,525,239,870,1495,1414,2538,1977,273,57,115,9166,23780
"Gardnerville Ranchos, NV Micro Area",48132,126,224,738,1091,1249,2143,1642,355,381,1095,17726,23820
"Georgetown, SC Micro Area",61952,231,247,1073,1518,1356,3112,2156,467,161,935,18672,23860
"Gettysburg, PA Metro Area",102470,766,783,1833,2936,2701,4955,5684,854,601,749,30257,23900
"Gillette, WY Micro Area",61930,430,400,996,2201,2511,2888,1667,442,169,603,18542,23940
"Glasgow, KY Micro Area",53920,340,241,1048,1589,1447,2721,1538,363,54,204,14030,23980
"Glens Falls, NY Metro Area",125892,644,902,2358,4105,3690,6199,3956,801,867,1355,39943,24020
"Glenwood Springs, CO Micro Area",76981,164,304,1641,2711,2966,3747,2445,496,558,1048,22496,24060
"Gloversville, NY Micro Area",53646,322,378,917,1708,1609,2557,1730,359,181,341,14637,24100
"Goldsboro, NC Metro Area",123603,1011,890,2947,4681,3789,6930,6711,1113,415,317,33516,24140
"Granbury, TX Micro Area",58318,301,287,806,1522,1508,2570,1494,317,419,743,17735,24180
"Grand Forks, ND-MN Metro Area",101745,1683,1797,3264,4815,3696,4102,11787,1752,576,961,33839,24220
"Grand Island, NE Metro Area",75480,438,444,1397,2383,2510,4521,1836,514,250,497,20382,24260
"Grand Junction, CO Metro Area",151218,905,1151,2733,5119,5233,7859,8469,1077,923,1618,49595,24300
"Grand Rapids, MN Micro Area",45141,171,277,650,1125,1148,2278,1597,197,162,493,14228,24330
"Grand Rapids-Kentwood, MI Metro Area",1062392,8682,8648,23111,40233,36686,59181,61266,10982,8966,15201,311479,24340
"Grants, NM Micro Area",26891,102,167,581,1100,994,1608,959,232,64,105,4988,24380
"Grants Pass, OR Metro Area",86251,547,408,1203,2309,2223,4021,3019,419,203,520,28136,24420
"Great Bend, KS Micro Area",26453,182,251,426,799,759,1530,833,199,93,214,7510,24460
"Great Falls, MT Metro Area",81625,767,697,1876,3165,2835,3667,3418,570,407,697,24948,24500
"Greeley, CO Metro Area",305345,2509,2054,5366,11780,12038,16707,17242,2868,2374,4160,85884,24540
"Green Bay, WI Metro Area",319401,2258,1851,6075,10489,10521,16609,16597,2550,2454,3883,101055,24580
"Greeneville, TN Micro Area",68834,519,554,1083,1902,1711,3449,2815,384,233,409,17118,24620
"Greensboro-High Point, NC Metro Area",762063,5799,5240,14248,25411,21980,40784,50983,7765,6843,9997,219697,24660
"Greensburg, IN Micro Area",26562,132,153,612,841,817,1542,666,132,146,287,7554,24700
"Greenville, MS Micro Area",46057,374,333,797,1410,1255,2770,2161,368,137,228,9807,24740
"Greenville, NC Metro Area",178433,2187,2326,6112,6575,5054,7761,25720,4480,1332,1229,50308,24780
"Greenville, OH Micro Area",51513,233,292,961,1377,1322,2998,1694,344,161,238,15536,24820
"Greenville-Anderson, SC Metro Area",895942,6900,6811,18125,30282,27484,44225,52496,10482,6545,18839,253195,24860
"Greenwood, MS Micro Area",39292,286,286,716,1266,1036,2410,2251,343,101,277,7710,24900
"Greenwood, SC Micro Area",70411,540,662,996,2046,1814,3348,4143,596,494,1156,17890,24940
"Grenada, MS Micro Area",21088,25,233,230,664,530,1246,609,251,120,92,4736,24980
"Guayama, PR Metro Area",75623,710,570,1601,2874,2273,4358,4234,569,239,203,8672,25020
"Gulfport-Biloxi, MS Metro Area",412115,2752,2918,8262,14078,12729,21823,20239,2921,3091,4142,110336,25060
"Guymon, OK Micro Area",20805,316,239,324,842,878,1333,966,71,73,80,3997,25100
"Hagerstown-Martinsburg, MD-WV Metro Area",283147,1667,1765,5120,9937,9183,14531,11401,2798,2246,2529,79834,25180
"Hailey, ID Micro Area",23421,151,101,350,612,638,1348,349,108,28,231,6895,25200
"Hammond, LA Metro Area",132057,1423,1028,2159,4817,4473,6112,8585,665,411,396,31510,25220
"Hanford-Corcoran, CA Metro Area",150691,1367,1770,4417,7942,7165,11718,8973,1031,379,857,30797,25260
"Hannibal, MO Micro Area",38842,167,328,675,1077,1054,1819,1744,206,73,215,10831,25300
"Harrisburg-Carlisle, PA Metro Area",571013,3985,3649,10401,19551,19209,27735,27108,7062,6846,8822,179799,25420
"Harrison, AR Micro Area",45143,300,187,796,1382,1184,2123,1371,236,352,282,12555,25460
"Harrisonburg, VA Metro Area",133557,1546,2194,3329,4327,4007,5689,19615,1942,1082,1022,35213,25500
"Hartford-East Hartford-Middletown, CT Metro Area",1207677,9904,8786,26070,39263,38435,63809,80471,19308,17629,30801,378951,25540
"Hastings, NE Micro Area",31587,273,431,471,891,1027,1491,2447,243,101,186,9356,25580
"Hattiesburg, MS Metro Area",168177,1116,1571,4073,6116,5154,8434,11857,3007,825,1165,41324,25620
"Hays, KS Micro Area",28775,358,550,1052,1101,1005,1284,3557,472,155,118,8933,25700
"Heber, UT Micro Area",72811,422,583,1287,2055,2212,4879,2911,718,814,1563,21873,25720
"Helena, MT Micro Area",79722,657,433,1118,2195,2479,3787,3395,790,1100,1518,26164,25740
"Helena-West Helena, AR Micro Area",18606,43,226,422,419,418,1112,591,186,7,16,3833,25760
"Henderson, NC Micro Area",44479,136,244,1016,1457,1035,2651,1175,413,128,193,10260,25780
"Hereford, TX Micro Area",18736,180,184,311,657,576,1507,877,67,39,2,3775,25820
"Hermiston-Pendleton, OR Micro Area",88432,924,553,1791,3521,3049,5678,3320,520,215,420,22369,25840
"Hickory-Lenoir-Morganton, NC Metro Area",366678,2336,2043,6801,11523,10155,18636,14272,2052,1614,2496,98444,25860
"Hillsdale, MI Micro Area",45757,365,314,846,1293,1185,2264,2404,197,196,345,12351,25880
"Hilo, HI Micro Area",199459,831,852,3482,5875,5961,9301,7590,1874,1915,2100,52285,25900
"Hilton Head Island-Bluffton, SC Metro Area",214752,1778,1911,4172,6773,5812,9379,6997,1441,1925,3398,65490,25940
"Hinesville, GA Metro Area",80041,882,1034,2809,4622,3143,3950,4747,940,285,202,22905,25980
"Hobbs, NM Micro Area",70277,334,620,1532,2651,2905,4115,2146,380,139,525,14399,26020
"Holland, MI Micro Area",116143,613,616,2256,3357,3485,6282,3483,567,524,1192,32321,26090
"Homosassa Springs, FL Metro Area",145169,701,570,1896,3072,2949,5690,3643,583,786,1495,50488,26140
"Hood River, OR Micro Area",23209,53,276,476,680,740,1443,567,104,185,283,6890,26220
"Hope, AR Micro Area",30193,301,126,610,565,630,1865,881,123,80,68,6286,26260
"Hot Springs, AR Metro Area",98555,668,518,1399,2861,2678,4108,3672,403,490,854,28059,26300
"Houghton, MI Micro Area",38181,1191,801,1629,1157,1007,1835,5635,954,353,1131,10923,26340
"Houma-Thibodaux, LA Metro Area",210162,1434,1348,3568,7709,7512,10740,7629,1251,702,1111,51593,26380
"Houston-The Woodlands-Sugar Land, TX Metro Area",6884138,47488,45603,137433,260339,262628,409639,358798,84779,70170,202888,1843172,26420
"Hudson, NY Micro Area",60371,287,309,1106,1741,1532,2617,1508,350,517,604,19609,26460
"Huntingdon, PA Micro Area",45369,438,304,923,1722,1493,2078,2086,253,172,228,11898,26500
"Huntington, IN Micro Area",36359,245,199,787,1165,1109,1843,2061,192,204,223,10705,26540
"Huntington-Ashland, WV-KY-OH Metro Area",361832,2712,2473,6790,11106,10340,17382,17225,3855,1344,2609,95679,26580
"Huntsville, AL Metro Area",457003,2939,3490,8748,16411,15519,24714,28738,7268,10186,21696,144896,26620
"Huntsville, TX Micro Area",72321,1150,1255,3382,3233,3569,2181,11651,796,437,342,16658,26660
"Huron, SD Micro Area",20364,106,98,262,661,780,987,446,103,61,255,5636,26700
"Hutchinson, KS Micro Area",62765,453,535,1129,2075,2009,3432,2846,364,389,229,18613,26740
"Hutchinson, MN Micro Area",35832,169,187,728,1124,1134,2012,1282,147,207,403,11634,26780
"Idaho Falls, ID Metro Area",145507,1002,830,2683,4589,5090,9555,6152,1266,919,3403,40928,26820
"Indiana, PA Micro Area",85032,1392,1255,2277,2519,2270,3463,9327,957,478,536,22979,26860
"Indianapolis-Carmel-Anderson, IN Metro Area",2029472,12624,12074,40508,72253,69899,114763,88626,23525,21517,33187,605485,26900
"Indianola, MS Micro Area",26168,170,169,747,1529,1190,1272,975,96,41,52,4579,26940
"Iowa City, IA Metro Area",170677,2906,2544,6662,7253,6088,6905,24942,6692,2338,2986,58499,26980
"Iron Mountain, MI-WI Micro Area",29753,180,127,452,787,822,1524,945,350,154,628,9534,27020
"Ithaca, NY Metro Area",102642,2503,2344,4229,3480,3160,3437,21509,6614,1909,2775,34245,27060
"Jackson, MI Metro Area",158636,974,1397,3129,5641,4950,8357,8053,873,878,1832,45447,27100
"Jackson, MS Metro Area",597727,4580,3976,11726,21075,19811,32106,33134,8930,4177,5001,148298,27140
"Jackson, OH Micro Area",32450,169,105,610,1065,979,1593,857,261,92,230,8327,27160
"Jackson, TN Metro Area",178442,1282,1128,3554,5445,4907,9462,9748,1172,797,978,45985,27180
"Jackson, WY-ID Micro Area",34706,138,209,594,1446,1636,1359,1298,812,492,595,11260,27220
"Jacksonville, FL Metro Area",1503574,9439,9717,28541,56050,52334,75152,77944,16651,17986,21364,451164,27260
"Jacksonville, IL Micro Area",39252,452,523,702,1288,1183,1749,2533,209,120,114,10759,27300
"Jacksonville, NC Metro Area",195069,5954,6078,13081,11793,8270,8186,12161,2726,1101,1124,53230,27340
"Jacksonville, TX Micro Area",52118,263,431,1164,1633,1503,3034,2199,298,193,213,11251,27380
"Jamestown, ND Micro Area",20965,197,181,467,680,788,896,1154,74,45,135,6650,27420
"Jamestown-Dunkirk-Fredonia, NY Micro Area",128496,826,1094,2517,4008,3725,6034,7279,778,717,750,38980,27460
"Janesville-Beloit, WI Metro Area",162152,1303,869,2964,4864,4934,9250,7344,1095,724,1316,49060,27500
"Jasper, AL Micro Area",64110,379,474,1072,2029,1817,3120,2205,284,113,234,15115,27530
"Jasper, IN Micro Area",54921,348,213,1033,1471,1633,3078,1693,274,173,569,15715,27540
"Jayuya, PR Micro Area",14539,116,199,258,545,434,831,731,95,61,43,1791,27580
"Jefferson, GA Micro Area",67885,308,313,1050,2180,2130,3852,2696,406,560,476,17574,27600
"Jefferson City, MO Metro Area",151273,1080,1024,3127,5386,5556,7964,7237,1154,1459,1254,41632,27620
"Jennings, LA Micro Area",31441,265,169,494,1026,924,1920,1025,157,77,50,6784,27660
"Jesup, GA Micro Area",29788,220,33,591,1126,958,1685,981,105,99,129,6760,27700
"Johnson City, TN Metro Area",202049,1530,1895,4107,6825,5987,8722,12116,3096,1610,1876,59795,27740
"Johnstown, PA Metro Area",133009,1135,866,2371,3744,3413,6298,6870,1034,625,844,39273,27780
"Jonesboro, AR Metro Area",131241,882,802,3147,5218,4325,6490,8611,1989,809,703,35204,27860
"Joplin, MO Metro Area",178100,1223,1102,3675,5963,5642,9727,7870,1119,781,1293,46826,27900
"Juneau, AK Micro Area",32227,144,216,738,1297,1324,1527,1446,654,549,611,10814,27940
"Kahului-Wailuku-Lahaina, HI Metro Area",165979,881,674,2600,4876,5482,7450,5215,1335,1293,1832,43488,27980
"Aberdeen, SD Micro Area",42824,217,497,864,1536,1341,2188,2100,305,174,276,13481,10100
"Aberdeen, WA Micro Area",72779,540,444,1042,2352,2300,3274,2281,145,334,650,21557,10140
"Abilene, TX Metro Area",170669,1625,1699,5382,7310,6390,8622,11409,1748,727,1174,43430,10180
"Ada, OK Micro Area",38355,474,305,757,1542,1263,1920,2678,455,374,177,9353,10220
"Adrian, MI Micro Area",98381,630,897,1859,3083,2966,5390,4975,575,468,788,28605,10300
"Aguadilla-Isabela, PR Metro Area",301107,2213,1944,5969,9582,8243,14889,17650,2114,1507,1872,45264,10380
"Akron, OH Metro Area",703845,5305,4962,15718,24235,21079,35140,43624,10919,6360,11893,221349,10420
"Alamogordo, NM Micro Area",66137,316,616,2513,2937,2428,3188,2696,540,355,811,17314,10460
"Albany, GA Metro Area",148436,1570,774,2977,4839,4358,9171,10412,1611,854,523,36909,10500
"Albany-Lebanon, OR Metro Area",125048,802,695,2218,4348,4043,6247,4660,1215,647,1252,37320,10540
"Albany-Schenectady-Troy, NY Metro Area",880736,7420,7033,19946,29285,28179,42247,59852,13869,12321,19969,283993,10580
"Albemarle, NC Micro Area",61588,324,373,1174,2153,1748,3043,2796,372,418,295,16560,10620
"Albert Lea, MN Micro Area",30463,120,94,462,845,936,1576,860,215,98,141,9255,10660
"Albertville, AL Micro Area",95643,261,755,1909,3121,2866,5816,3491,507,442,1266,23122,10700
"Albuquerque, NM Metro Area",912108,6376,6297,17510,33497,32796,47608,53034,15056,7890,17942,267489,10740
"Alexander City, AL Micro Area",51298,299,210,1061,1312,1217,2146,1536,314,174,455,13122,10760
"Alexandria, LA Metro Area",153310,1088,1267,2853,5497,5364,8853,6437,1440,383,805,37085,10780
"Alexandria, MN Micro Area",37513,292,176,574,1131,1164,1595,1330,252,301,417,13258,10820
"Alice, TX Micro Area",52240,214,532,1196,1742,1659,3413,1745,277,214,202,9040,10860
"Allentown-Bethlehem-Easton, PA-NJ Metro Area",837610,6533,5322,15473,26529,25557,43752,43901,8782,7677,14611,250730,10900
"Alma, MI Micro Area",40916,414,332,1122,1700,1482,1880,2660,234,133,149,10497,10940
"Alpena, MI Micro Area",28520,142,106,480,798,752,1510,950,162,127,241,9123,10980
"Altoona, PA Metro Area",123157,656,628,2048,4200,3566,5944,4754,872,488,930,37439,11020
"Altus, OK Micro Area",25063,156,222,713,1070,954,1334,1036,275,173,294,6852,11060
"Amarillo, TX Metro Area",263776,2115,1879,5066,9857,9984,14224,14561,2900,1472,2405,70975,11100
"Americus, GA Micro Area",35285,287,482,725,1180,1055,1892,3328,398,107,155,8258,11140
"Ames, IA Metro Area",123311,2631,3891,6813,4841,3795,4447,27171,4833,1501,2844,42113,11180
"Amsterdam, NY Micro Area",49302,309,220,964,1555,1543,2736,1525,488,346,296,13557,11220
"Anchorage, AK Metro Area",398900,3077,3261,10194,17916,16612,22205,20921,5375,2687,6961,117039,11260
"Andrews, TX Micro Area",18036,91,102,445,708,731,1283,406,38,11,16,3993,11380
"Angola, IN Micro Area",34453,358,388,732,979,883,1932,1867,161,210,402,10837,11420
"Ann Arbor, MI Metro Area",367000,5856,5685,13030,15171,12091,17695,50269,17884,7012,17507,123138,11460
"Anniston-Oxford, AL Metro Area",114618,929,793,1991,3965,3424,5392,6324,901,381,598,30258,11500
"Appleton, WI Metro Area",235628,1349,1468,4613,7598,7834,13591,10627,1687,1844,3224,76516,11540
"Arcadia, FL Micro Area",36903,399,189,859,1668,1721,1929,771,71,64,129,6551,11580
"Ardmore, OK Micro Area",58382,433,326,940,1893,1854,3330,1972,841,175,242,13756,11620
"Arecibo, PR Metro Area",180567,1485,1473,3409,6043,4896,8688,11006,1759,654,1182,27762,11640
"Arkadelphia, AR Micro Area",22386,571,501,483,608,523,805,3895,192,117,57,5331,11660
"Asheville, NC Metro Area",454351,2095,2142,7837,13681,13625,20408,19826,3704,3973,6058,143443,11700
"Ashland, OH Micro Area",53536,333,516,1071,1472,1456,2568,3357,411,144,294,14595,11740
"Ashtabula, OH Micro Area",97830,827,578,1518,3087,2907,5032,2597,659,274,401,25339,11780
"Astoria, OR Micro Area",39102,329,243,596,1171,1242,1811,1524,245,226,300,12767,11820
"Atchison, KS Micro Area",16268,317,163,252,385,398,765,2003,62,43,74,4130,11860
"Athens, OH Micro Area",65917,1743,2245,2264,2356,1940,2361,16900,2127,455,650,16996,11900
"Athens, TN Micro Area",53053,273,371,917,1504,1610,2937,1787,155,242,554,12952,11940
"Athens, TX Micro Area",81070,636,402,1271,2276,2099,4246,2741,272,303,563,20547,11980
"Baton Rouge, LA Metro Area",854318,7484,6949,20405,31671,30163,45116,53319,11094,6028,11788,224373,12940
"Battle Creek, MI Metro Area",134212,934,1074,2385,4228,3782,7241,6412,818,538,1133,37570,12980
"Athens-Clarke County, GA Metro Area",208457,3530,2776,7449,7864,6554,9434,29517,7693,1868,2300,62028,12020
"Atlanta-Sandy Springs-Alpharetta, GA Metro Area",5862424,40277,37820,113380,206602,195952,348230,305971,86159,96949,124962,1748923,12060
"Atlantic City-Hammonton, NJ Metro Area",266105,1944,1813,5079,8439,7538,13951,14939,2882,2415,3086,77905,12100
"Atmore, AL Micro Area",37057,332,211,616,1419,1394,1970,1020,151,112,86,6062,12120
"Auburn, IN Micro Area",42927,207,183,992,1408,1265,2467,1513,285,188,412,12547,12140
"Auburn, NY Micro Area",77425,579,547,1367,2711,2519,4052,3227,468,422,726,23262,12180
"Auburn-Opelika, AL Metro Area",161152,3340,2510,5633,6404,5116,7430,23772,4987,1284,2861,47982,12220
"Augusta-Richmond County, GA-SC Metro Area",599616,4765,3550,12493,22138,19629,32656,28218,6312,4515,8598,152852,12260
"Augusta-Waterville, ME Micro Area",121753,777,778,2112,3460,3549,5892,6086,1128,1179,1453,40976,12300
"Austin, MN Micro Area",39807,246,245,627,1249,1195,2365,1160,215,187,195,11185,12380
"Austin-Round Rock-Georgetown, TX Metro Area",2114441,15862,15195,42978,94197,95098,107160,132087,32629,42864,70983,655558,12420
"Bainbridge, GA Micro Area",26682,100,234,540,919,793,1362,687,49,64,22,5004,12460
"Bakersfield, CA Metro Area",887641,7757,7173,21173,38928,35258,60831,49134,6818,3230,7599,189199,12540
"Baltimore-Columbia-Towson, MD Metro Area",2796733,19144,17828,53579,100921,97498,138892,160747,55120,57242,63749,858549,12580
"Bangor, ME Metro Area",151774,1221,1306,3164,5429,4804,6962,12397,2376,682,1776,48408,12620
"Baraboo, WI Micro Area",63922,450,382,967,1825,1994,3228,1696,335,379,535,19943,12660
"Bardstown, KY Micro Area",45650,219,338,859,1449,1273,2599,1100,346,313,266,12943,12680
"Barnstable Town, MA Metro Area",213496,1078,804,4118,5091,4549,9109,7565,1846,2227,4388,80578,12700
"Barre, VT Micro Area",58350,486,559,1047,1582,1617,2924,3635,584,546,1063,20050,12740
"Bartlesville, OK Micro Area",51886,250,307,919,1640,1639,2808,1797,262,722,820,14941,12780
"Batavia, NY Micro Area",57808,286,292,1133,2168,1899,2832,2073,368,304,512,17972,12860
"Batesville, AR Micro Area",54566,377,326,960,1374,1575,2843,2064,418,152,171,13444,12900
"Bay City, MI Metro Area",104104,659,489,2003,3367,2993,5364,4734,539,315,1044,32262,13020
"Bay City, TX Micro Area",36774,267,52,830,1192,1040,1938,1266,160,145,356,8592,13060
"Beatrice, NE Micro Area",21594,79,111,392,524,588,1205,507,202,11,164,6681,13100
"Beaumont-Port Arthur, TX Metro Area",395174,2798,2836,8099,14951,14511,20266,16749,2889,1452,5033,97728,13140
"Beaver Dam, WI Micro Area",87715,512,437,1686,3075,3141,4768,2767,406,372,712,26813,13180
"Beckley, WV Metro Area",118828,567,883,2145,3636,3472,5072,4055,618,453,667,31734,13220
"Bedford, IN Micro Area",45548,213,298,770,1367,1245,2115,1530,313,125,578,12910,13260
"Beeville, TX Micro Area",32611,497,302,1260,1876,2003,1698,1823,87,35,96,5069,13300
"Bellefontaine, OH Micro Area",45316,170,304,804,1247,1205,2382,1028,246,118,464,13871,13340
"Bellingham, WA Metro Area",220821,2335,3031,6370,8233,7048,9736,21808,2313,1511,3164,74098,13380
"Bemidji, MN Micro Area",46403,510,577,1193,1545,1436,2275,3805,649,215,235,13175,13420
"Bend, OR Metro Area",186251,737,769,3153,5917,6223,8539,6791,1349,1417,2804,65349,13460
"Bennettsville, SC Micro Area",26753,162,109,638,1175,1211,1616,614,100,42,111,4707,13500
"Bennington, VT Micro Area",35746,185,281,770,912,819,1714,1899,356,190,428,11720,13540
"Berlin, NH Micro Area",31741,198,135,637,1087,974,1403,1044,147,141,267,10378,13620
"Big Rapids, MI Micro Area",43251,1052,598,1462,1331,1031,1911,6559,555,188,354,11625,13660
"Big Spring, TX Micro Area",36349,338,216,887,1622,1572,2079,1109,180,84,87,7315,13700
"Oshkosh-Neenah, WI Metro Area",170411,1242,1671,4663,6168,5851,8297,12742,1483,1245,2106,56129,36780
"Oskaloosa, IA Micro Area",22164,240,114,299,731,633,1169,1076,195,89,128,6280,36820
"Othello, WA Micro Area",19594,147,108,520,630,678,1316,381,45,25,53,3575,36830
"Ottawa, IL Micro Area",148580,1009,777,2725,4731,4524,7816,5132,626,517,1238,44666,36837
"Ottawa, KS Micro Area",25558,159,144,445,718,741,1387,1072,251,125,150,7055,36840
"Ottumwa, IA Micro Area",35141,219,204,823,1069,1075,1733,1551,240,88,173,9878,36900
"Owatonna, MN Micro Area",36683,220,284,645,956,1210,2133,1110,173,304,190,11289,36940
"Owensboro, KY Metro Area",118477,725,614,2195,3668,3355,6505,4260,933,480,835,33160,36980
"Oak Harbor, WA Micro Area",82866,399,796,2164,3467,2655,3037,3308,802,602,1888,30644,36020
"Ocala, FL Metro Area",353526,2008,1715,5270,9873,8775,15621,12138,2162,1755,4078,105621,36100
"Ocean City, NJ Metro Area",93086,831,496,1579,2663,2088,3975,3077,782,752,1028,32632,36140
"Odessa, TX Metro Area",160579,1292,1312,3768,7580,6792,9542,7175,1228,670,1173,34382,36220
"Ogden-Clearfield, UT Metro Area",662875,5023,5133,13080,23867,23883,44143,36353,6591,6848,10214,181246,36260
"Ogdensburg-Massena, NY Micro Area",108913,1410,1198,2232,3601,3309,4668,11161,1319,676,1145,30730,36300
"Oil City, PA Micro Area",51818,326,344,758,1381,1319,2254,1068,213,218,292,15506,36340
"Okeechobee, FL Micro Area",41144,353,126,755,1554,1354,1996,1017,125,35,124,8868,36380
"Oklahoma City, OK Metro Area",1382841,10552,11291,30137,52244,51472,71492,82046,19982,11174,16616,390278,36420
"Olean, NY Micro Area",77121,586,529,1387,2092,2147,4109,3483,367,332,552,21526,36460
"Olympia-Lacey-Tumwater, WA Metro Area",279711,1773,1735,5053,10293,9996,13704,14083,3081,3376,3923,94312,36500
"Omaha-Council Bluffs, NE-IA Metro Area",931779,5600,6111,18227,33514,34245,52610,46383,16135,11136,10921,290656,36540
"Oxford, MS Micro Area",53590,1538,1143,1443,2106,1754,1945,11325,1513,477,534,14961,37060
"Oxnard-Thousand Oaks-Ventura, CA Metro Area",847263,6440,5858,17438,30386,28134,49380,53022,8075,9213,17918,227509,37100
"Ozark, AL Micro Area",49277,284,233,1290,1984,1670,2593,2077,269,297,272,12722,37120
"Paducah, KY-IL Micro Area",96754,665,396,1560,2659,2616,5042,3177,543,356,957,28355,37140
"Pahrump, NV Micro Area",44380,397,170,552,1107,996,1690,838,115,209,503,13667,37220
"Palatka, FL Micro Area",73252,308,423,1371,2232,1808,3662,2222,443,318,391,18524,37260
"Palestine, TX Micro Area",57810,481,317,1325,3206,3274,3385,2787,228,177,163,10502,37300
"Palm Bay-Melbourne-Titusville, FL Metro Area",585507,3805,3095,9591,17467,15770,27602,27018,6527,7875,19761,193988,37340
"Pampa, TX Micro Area",23215,135,101,519,730,963,1131,479,166,79,120,5242,37420
"Panama City, FL Metro Area",182161,1305,1357,3343,6866,6460,8538,8200,1481,1405,3026,55542,37460
"Paragould, AR Micro Area",44937,298,503,710,1528,1348,2378,1586,468,151,130,11098,37500
"Paris, TN Micro Area",32284,180,159,481,893,739,1499,851,145,77,111,8882,37540
"Paris, TX Micro Area",49611,397,302,742,1680,1230,2683,1988,239,200,329,12091,37580
"Parkersburg-Vienna, WV Metro Area",90758,635,377,1359,2620,2407,4507,2661,739,416,970,27164,37620
"Parsons, KS Micro Area",20119,176,153,295,657,578,1047,523,58,47,87,5711,37660
"Payson, AZ Micro Area",53546,354,117,922,1368,1296,2256,1505,185,174,559,14463,37740
"Pearsall, TX Micro Area",19871,214,480,770,1552,1199,1564,770,51,9,19,2305,37770
"Pecos, TX Micro Area",15590,128,121,376,763,855,723,373,112,100,11,2114,37780
"Pella, IA Micro Area",33172,306,481,403,986,881,1746,1947,207,242,454,9703,37800
"Pensacola-Ferry Pass-Brent, FL Metro Area",488246,3840,3710,12223,19217,16681,23932,29378,5385,4469,6821,149743,37860
"Peoria, IL Metro Area",406883,2503,2479,7069,13198,13027,21001,19145,3516,3518,8146,119166,37900
"Peru, IN Micro Area",35815,294,215,841,1331,1456,2290,1547,116,145,119,9447,37940
"Philadelphia-Camden-Wilmington, PA-NJ-DE-MD Metro Area",6079130,38598,39490,119611,221482,207083,311563,327481,103705,80302,122304,1812670,37980
"Phoenix-Mesa-Chandler, AZ Metro Area",4761603,33181,32566,96768,182561,170701,263723,249820,58084,49942,89310,1391667,38060
"Picayune, MS Micro Area",55219,540,350,851,1875,1364,3008,2590,338,264,436,14826,38100
"Pierre, SD Micro Area",20625,31,66,285,676,670,987,218,68,240,290,6692,38180
"Pine Bluff, AR Metro Area",90865,816,699,2032,3668,3386,5098,4591,547,356,211,19129,38220
"Pinehurst-Southern Pines, NC Micro Area",97294,386,630,1204,2437,2874,4746,4146,714,872,1861,30965,38240
"Pittsburg, KS Micro Area",38968,533,683,1693,1248,1134,1749,4701,927,134,129,11410,38260
"Pittsburgh, PA Metro Area",2331447,12764,13878,43462,80785,77426,105033,110069,33695,31698,50894,772256,38300
"Pittsfield, MA Metro Area",126425,999,975,2234,3428,3333,5490,7640,1140,1175,1735,43102,38340
"Plainview, TX Micro Area",33826,351,420,734,1335,1253,2428,1478,109,48,181,6581,38380
"Platteville, WI Micro Area",51733,915,1004,1659,1565,1364,2529,6720,227,395,517,14703,38420
"Plattsburgh, NY Micro Area",80583,856,626,2445,3089,2842,3328,5904,531,450,422,24285,38460
"Plymouth, IN Micro Area",46461,326,152,992,1370,1187,2536,1386,274,195,370,11986,38500
"Pocatello, ID Metro Area",93436,615,914,1649,3697,3316,5480,6926,1521,395,1087,27084,38540
"Point Pleasant, WV-OH Micro Area",56908,379,378,850,1637,1494,2715,2010,299,203,294,14049,38580
"Ponca City, OK Micro Area",44402,291,246,901,1330,1355,2515,1563,143,264,336,11771,38620
"Ponce, PR Metro Area",226117,2056,1725,4780,7929,6318,12065,14781,2377,970,1540,36459,38660
"Pontiac, IL Micro Area",36040,185,313,602,1227,1202,1982,836,79,82,145,10497,38700
"Poplar Bluff, MO Micro Area",56223,274,313,986,1701,1738,2825,1853,254,117,140,13596,38740
"Portales, NM Micro Area",18888,146,365,742,709,606,964,2279,265,134,112,4938,38780
"Port Angeles, WA Micro Area",75392,457,328,1104,2099,2141,3037,2385,407,311,899,26304,38820
"Portland-South Portland, ME Metro Area",532075,2815,3021,9828,16795,16787,24958,24321,6910,5452,9244,184831,38860
"Portland-Vancouver-Hillsboro, OR-WA Metro Area",2445761,14072,14177,44343,93367,95500,121601,119203,32281,32888,60893,809947,38900
"Port Lavaca, TX Micro Area",21668,167,25,460,711,730,1148,632,38,103,359,5241,38920
"Port St. Lucie, FL Metro Area",472012,2604,2682,6920,13375,12339,22729,18992,4316,3106,7217,144660,38940
"Portsmouth, OH Micro Area",76040,512,482,1475,2717,2520,4034,3061,332,263,269,19795,39020
"Pottsville, PA Micro Area",142674,720,638,2686,4853,4599,7242,3593,907,531,841,42105,39060
"Poughkeepsie-Newburgh-Middletown, NY Metro Area",673839,6524,5747,14958,21057,19583,39393,43673,6859,7013,9905,191933,39100
"Prescott Valley-Prescott, AZ Metro Area",228067,1669,1383,2434,5535,5159,8328,12122,1478,1632,2906,80043,39150
"Price, UT Micro Area",20308,101,186,379,583,620,1161,1216,157,23,151,6097,39220
"Prineville, OR Micro Area",23011,40,54,409,606,548,1045,682,135,191,227,7627,39260
"Providence-Warwick, RI-MA Metro Area",1618268,12767,11223,33814,56991,52270,77556,106572,22204,16352,27069,484123,39300
"Provo-Orem, UT Metro Area",616791,5653,7788,26182,25699,19575,45578,70408,8281,8317,7053,155383,39340
"Pueblo, CO Metro Area",165982,1407,1104,2986,5491,5330,8919,8480,1330,1118,1085,45623,39380
"Pullman, WA Micro Area",49231,1643,1474,2886,2416,1475,1443,15553,2710,762,1114,15891,39420
"Punta Gorda, FL Metro Area",181067,898,1083,1841,3804,3243,6123,5796,670,1331,2936,61715,39460
"Quincy, IL-MO Micro Area",76040,402,317,1337,2399,2153,3633,3150,518,311,486,21520,39500
"Racine, WI Metro Area",195602,1249,1232,3904,5808,5846,11228,8163,1569,1149,2302,58405,39540
"Raleigh-Cary, NC Metro Area",1332311,9113,7744,24720,46487,46226,75478,74529,21208,32505,45939,426367,39580
"Rapid City, SD Metro Area",138402,1032,1290,2780,5003,4752,6564,7172,1710,1001,2076,43708,39660
"Raymondville, TX Micro Area",21588,270,297,766,1066,930,1555,816,32,6,38,3055,39700
"Reading, PA Metro Area",418025,3326,2830,8098,13539,12369,22191,22693,3964,2807,4720,116400,39740
"Red Bluff, CA Micro Area",63912,604,402,867,2093,1921,3848,2759,222,207,352,17185,39780
"Redding, CA Metro Area",179212,925,1157,3218,5997,5572,8792,8498,1931,780,1598,54675,39820
"Red Wing, MN Micro Area",46246,147,184,896,1332,1401,2571,1552,303,317,509,15021,39860
"Reno, NV Metro Area",460924,3408,3919,8139,18488,16958,23084,27984,5896,4269,8313,151641,39900
"Rexburg, ID Micro Area",52120,409,868,4096,2861,1375,3424,11596,544,311,477,13466,39940
"Richmond, IN Micro Area",66342,440,539,1237,1917,1896,3224,3212,371,145,318,18708,39980
"Rockford, IL Metro Area",338356,1728,1928,6688,10446,9983,19544,13149,3657,1643,4751,100224,40420
"Rockingham, NC Micro Area",44997,492,468,924,1381,1120,2407,1713,178,164,189,11294,40460
"Rockport, TX Micro Area",24462,287,80,375,431,541,1553,547,111,117,329,7399,40530
"Rock Springs, WY Micro Area",43521,250,213,910,1468,1674,2495,2204,354,229,598,12706,40540
"Rocky Mount, NC Metro Area",146678,802,1083,2693,4347,3746,7302,6375,1101,871,744,37425,40580
"Rolla, MO Micro Area",44630,788,770,1684,1435,1301,1768,5922,1357,285,983,13852,40620
"Rome, GA Metro Area",97369,523,688,1888,3370,2823,4957,5348,717,458,544,23825,40660
"Roseburg, OR Micro Area",109114,632,607,1581,2919,2973,4672,3254,516,370,946,34792,40700
"Roswell, NM Micro Area",65144,519,504,1183,2129,2074,3623,2831,207,177,336,15048,40740
"Ruidoso, NM Micro Area",19461,83,164,215,445,460,690,640,34,123,142,5629,40760
"Russellville, AR Micro Area",85225,975,849,1631,2922,2494,4229,6833,577,412,744,20255,40780
"Ruston, LA Micro Area",47246,856,913,2518,1629,1425,2291,8253,1407,276,620,12279,40820
"Rutland, VT Micro Area",58892,506,402,1009,1613,1576,2695,3298,638,284,501,19898,40860
"Sacramento-Roseville-Folsom, CA Metro Area",2315980,17172,15898,46272,85212,80882,124871,161290,29904,22903,44080,706838,40900
"Safford, AZ Micro Area",37996,389,372,890,1701,1618,2317,2063,188,98,169,7508,40940
"Saginaw, MI Metro Area",191821,1525,1052,4022,6476,5337,10405,11261,1401,936,2142,54770,40980
"Richmond, VA Metro Area",1269530,8255,8108,23887,45643,43655,65878,67516,19370,18663,22671,381243,40060
"Richmond-Berea, KY Micro Area",105026,1100,1570,3133,3574,3018,4756,12413,1479,792,634,28252,40080
"Rio Grande City-Roma, TX Micro Area",64078,715,667,1272,2379,2013,4603,3022,247,115,43,7656,40100
"Riverside-San Bernardino-Ontario, CA Metro Area",4560470,36062,33655,102629,177295,160521,290854,294814,51796,26852,43549,1081275,40140
"Riverton, WY Micro Area",39812,305,108,806,1136,1264,1916,1370,331,155,281,11033,40180
"Roanoke, VA Metro Area",313009,1898,1761,4902,9394,9502,14814,13517,2886,2216,4260,94612,40220
"Roanoke Rapids, NC Micro Area",71136,414,553,1135,2227,1811,3748,2395,246,225,333,16969,40260
"Rochelle, IL Micro Area",51025,261,257,861,1441,1419,3031,1685,529,224,372,16006,40300
"Rochester, MN Metro Area",217964,1119,1158,3640,6850,7637,11563,8379,3151,3907,4219,72782,40340
"Rochester, NY Metro Area",1072877,7782,8104,21214,37198,33806,53965,66784,15058,14324,21782,337619,40380
"St. Cloud, MN Metro Area",198581,2230,2142,5261,6869,6668,10446,17747,1922,1218,1228,59402,41060
"St. George, UT Metro Area",165811,1003,1350,2946,4923,4873,10048,8990,1261,1096,1670,48760,41100
"St. Joseph, MO-KS Metro Area",126173,1001,753,2755,4857,4824,6440,5784,1012,589,713,31870,41140
"St. Louis, MO-IL Metro Area",2805190,16715,17827,52050,94798,92802,145019,134485,41283,35661,48897,876220,41180
"St. Marys, GA Micro Area",53231,707,549,1815,2650,2014,2943,1608,788,195,455,14865,41220
"St. Marys, PA Micro Area",30340,179,102,598,766,798,1565,568,103,125,438,10533,41260
"Salem, OH Micro Area",103190,685,568,1705,3033,2971,4991,2903,422,516,473,29238,41400
"Salem, OR Metro Area",422678,3025,3092,9365,15034,14188,23965,22450,3406,2351,3561,118792,41420
"Salina, KS Micro Area",60523,697,574,747,1976,1846,3254,2831,484,331,518,17733,41460
"Salinas, CA Metro Area",433410,3974,3040,9322,16585,16699,26961,28049,4648,2770,4378,95248,41500
"Salisbury, MD-DE Metro Area",404417,2588,3525,7204,11639,10980,18341,23572,3451,2878,3822,122499,41540
"Salt Lake City, UT Metro Area",1201043,8538,8144,25816,51262,48719,73668,68222,17337,14110,19813,341352,41620
"San Angelo, TX Metro Area",120837,1390,1191,2844,5114,4745,6058,8200,1155,809,519,31908,41660
"San Antonio-New Braunfels, TX Metro Area",2468193,19196,18373,53717,96940,92956,140818,136563,31388,22967,29186,610943,41700
"San Diego-Chula Vista-Carlsbad, CA Metro Area",3316073,29802,29878,83294,149715,135581,166153,245624,52851,50801,94914,972224,41740
"Sandpoint, ID Micro Area",43611,232,115,629,959,1061,2255,1008,190,173,467,13371,41760
"Sandusky, OH Micro Area",74780,206,701,1288,2270,2069,3725,2703,635,265,593,24073,41780
"Sanford, NC Micro Area",60481,334,243,1128,1955,1771,3371,3129,356,332,532,16004,41820
"San Francisco-Oakland-Berkeley, CA Metro Area",4701332,25734,24771,85990,192499,196601,213284,278718,82321,139385,197711,1481757,41860
"San Germán, PR Metro Area",125324,717,990,2936,3372,3090,6201,7691,963,635,699,12110,41900
"San Jose-Sunnyvale-Santa Clara, CA Metro Area",1987846,12663,12418,40253,85409,84300,101672,125281,38939,94729,172557,590388,41940
"San Juan-Bayamón-Caguas, PR Metro Area",2100207,15592,16064,41284,70450,59001,106161,136679,26594,12642,23574,342873,41980
"Sayre, PA Micro Area",60963,313,356,951,1730,1707,2852,1418,461,359,457,18233,42380
"Scottsbluff, NE Micro Area",38015,295,105,741,1127,1109,2101,1242,295,107,310,11046,42420
"Scottsboro, AL Micro Area",51852,446,194,747,1561,1481,2536,1083,264,200,479,12545,42460
"Scottsburg, IN Micro Area",23759,29,261,503,732,653,1170,514,96,26,151,5486,42500
"Scranton--Wilkes-Barre, PA Metro Area",555642,4214,3822,9671,18864,17227,26693,27148,5547,3835,4988,162068,42540
"Searcy, AR Micro Area",78762,1017,762,1493,2280,2204,3869,5614,1116,347,260,18824,42620
"Seattle-Tacoma-Bellevue, WA Metro Area",3871323,24579,22305,79068,169221,166315,179291,193139,54162,96631,138930,1312412,42660
"Sebastian-Vero Beach, FL Metro Area",153989,539,964,2110,3669,3290,6426,4931,941,1029,2111,46350,42680
"Sebring-Avon Park, FL Metro Area",103437,674,627,1264,2547,2373,3538,2696,548,352,553,29289,42700
"Sedalia, MO Micro Area",42355,231,370,690,1383,1366,2298,1738,216,64,212,11735,42740
"Selinsgrove, PA Micro Area",40483,515,395,675,1157,1067,1867,2732,208,274,207,10557,42780
"Selma, AL Micro Area",39149,288,224,580,1074,1008,2202,1630,326,43,64,8714,42820
"Seneca, SC Micro Area",77528,447,433,1318,2385,2137,3297,3431,641,513,1539,22282,42860
"Seneca Falls, NY Micro Area",34390,120,177,925,1464,1342,1462,1095,431,109,342,10154,42900
"Sevierville, TN Micro Area",97068,682,631,1649,3332,2653,4510,2802,349,390,670,26765,42940
"Seymour, IN Micro Area",44025,229,200,782,1326,1397,2511,1173,271,121,595,11878,42980
"San Luis Obispo-Paso Robles, CA Metro Area",282165,4252,4373,7699,8899,8828,11303,34215,2655,2835,5660,91402,42020
"Santa Cruz-Watsonville, CA Metro Area",273962,3640,3132,6851,9445,8171,12842,32328,4659,4106,6251,81680,42100
"Santa Fe, NM Metro Area",149293,774,730,2467,4126,4371,6758,6110,1632,1388,2795,48660,42140
"Santa Isabel, PR Micro Area",21757,150,226,420,658,558,1268,1213,214,59,243,3196,42180
"Santa Maria-Santa Barbara, CA Metro Area",444829,5712,5614,13969,16982,14674,22567,51497,6322,4276,8334,120448,42200
"Santa Rosa-Petaluma, CA Metro Area",499772,3275,2753,8546,16942,16411,24452,31629,5145,3603,8150,163088,42220
"Sault Ste. Marie, MI Micro Area",37629,565,309,1134,1482,1357,1639,2316,238,189,248,10502,42300
"Savannah, GA Metro Area",386036,2919,3141,8377,15952,14452,19495,26932,7287,2625,5585,111541,42340
"Shawano, WI Micro Area",45462,193,210,845,1240,1157,2583,1099,231,92,171,12806,43020
"Shawnee, OK Micro Area",72154,584,414,1402,2160,2112,4234,4043,510,256,376,17069,43060
"Sheboygan, WI Metro Area",115178,800,672,2142,3491,3521,6220,4874,781,825,1670,37322,43100
"Shelby, NC Micro Area",97282,744,836,1584,2926,2320,5223,5172,678,268,486,22761,43140
"Shelbyville, TN Micro Area",48292,562,279,819,1660,1547,2543,1327,189,318,222,11101,43180
"Shelton, WA Micro Area",63804,433,438,1126,1999,1980,2950,1858,150,341,610,19307,43220
"Sheridan, WY Micro Area",30140,319,87,393,880,974,1279,1366,188,156,526,10614,43260
"Sherman-Denison, TX Metro Area",131014,913,919,2200,3821,3692,7270,6638,978,720,1143,34087,43300
"Show Low, AZ Micro Area",109270,652,602,2239,3708,3259,6804,3060,556,379,675,20757,43320
"Shreveport-Bossier City, LA Metro Area",399619,2590,2980,7534,14219,13783,20607,16185,3679,2046,2809,103809,43340
"Sidney, OH Micro Area",48749,347,262,909,1446,1375,3070,1411,338,250,533,13938,43380
"Sierra Vista-Douglas, AZ Metro Area",125867,1127,723,2424,4479,4150,6783,5334,989,1387,1457,38797,43420
"Sikeston, MO Micro Area",38633,266,203,679,1263,1119,1765,1197,266,114,78,9749,43460
"Silver City, NM Micro Area",27669,214,238,390,657,653,1233,1066,328,139,390,7945,43500
"Sioux City, IA-NE-SD Metro Area",143846,1218,1012,2779,4701,4841,7737,7144,1000,667,735,40117,43580
"Sioux Falls, SD Metro Area",259348,1543,1401,4946,9902,10391,12888,10277,2384,2447,2414,82773,43620
"Snyder, TX Micro Area",17096,185,62,248,661,680,1186,745,104,17,12,3789,43660
"Somerset, KY Micro Area",64350,223,488,1059,1964,1771,3385,2269,382,234,470,16666,43700
"Somerset, PA Micro Area",74361,398,397,1445,2475,2340,3367,1670,331,332,380,20050,43740
"Sonora, CA Micro Area",54045,342,219,1018,1959,1891,2249,2311,306,297,594,17861,43760
"South Bend-Mishawaka, IN-MI Metro Area",321739,2960,2264,6233,10633,9849,17246,20266,4818,2750,3863,91476,43780
"Spartanburg, SC Metro Area",307617,2087,2041,5881,10857,9460,16766,15194,3169,1899,4047,83352,43900
"Spearfish, SD Micro Area",25478,270,219,637,823,787,1002,2145,320,99,524,8954,43940
"Spencer, IA Micro Area",16211,29,91,321,456,472,906,392,32,13,43,5233,43980
"Spirit Lake, IA Micro Area",17127,60,13,339,412,485,692,519,133,123,223,6256,44020
"Spokane-Spokane Valley, WA Metro Area",550160,3913,4486,10449,21439,19134,26480,32599,6008,4308,6467,179119,44060
"Springfield, IL Metro Area",209167,1092,1235,3756,6251,6389,11141,8937,3055,2015,1882,67831,44100
"Springfield, MA Metro Area",699480,7054,7369,15576,22552,20987,35042,63332,10946,6219,8558,203027,44140
"Springfield, MO Metro Area",462434,4637,4206,11289,15908,14961,21903,35357,6050,2771,2287,141579,44180
"Springfield, OH Metro Area",134726,912,799,2477,3933,3674,7049,6156,842,693,1058,39893,44220
"Starkville, MS Micro Area",59280,1227,1549,3414,2528,1728,2321,13523,2240,467,1147,15476,44260
"State College, PA Metro Area",161960,4395,4418,6357,7430,5505,5323,32349,7254,2927,5406,49560,44300
"Statesboro, GA Micro Area",76120,2049,1817,2223,2998,2385,3179,15806,1369,851,492,20129,44340
"Staunton, VA Metro Area",121651,566,610,2225,4034,3899,5466,3711,1243,845,1448,35612,44420
"Steamboat Springs, CO Micro Area",25072,134,132,438,1004,1081,1486,995,225,227,560,8485,44460
"Stephenville, TX Micro Area",41841,547,886,1350,1484,1199,1944,6836,358,488,500,10304,44500
"Sterling, CO Micro Area",22380,332,218,480,882,927,1084,1347,79,103,61,6469,44540
"Sterling, IL Micro Area",56016,331,282,849,1668,1372,3023,1443,214,173,406,16898,44580
"Stevens Point, WI Micro Area",70632,1057,888,2305,2366,2102,3098,8039,689,990,678,23139,44620
"Stillwater, OK Micro Area",81815,2337,2415,4129,3485,2648,2983,17708,3284,606,1420,23872,44660
"Stockton, CA Metro Area",742603,5671,6062,14749,27498,25487,47738,40711,6096,4446,6561,169761,44700
"Storm Lake, IA Micro Area",20058,101,247,398,592,723,1206,1269,93,35,49,5440,44740
"Sturgis, MI Micro Area",60836,287,516,994,1923,1815,3327,1550,246,122,482,16452,44780
"Sulphur Springs, TX Micro Area",36486,140,274,680,1087,1069,2177,1163,217,236,226,8976,44860
"Summerville, GA Micro Area",24812,131,209,613,1100,722,1048,727,166,4,65,5280,44900
"Sumter, SC Metro Area",140714,1019,1262,3557,5130,4223,7313,6731,1132,575,528,37606,44940
"Sunbury, PA Micro Area",91761,372,495,1716,3101,2969,3990,1897,443,313,515,26291,44980
"Susanville, CA Micro Area",30818,418,337,1692,2898,2189,1573,1020,120,79,47,6552,45000
"Sweetwater, TX Micro Area",14904,42,45,376,359,373,793,272,55,74,69,3302,45020
"Syracuse, NY Metro Area",652416,5671,4792,12608,21506,20169,33007,47493,9103,5214,9413,201509,45060
"Tahlequah, OK Micro Area",48664,634,676,1522,1430,1484,2801,4407,473,138,197,10447,45140
"Talladega-Sylacauga, AL Micro Area",80387,680,456,1419,2579,2240,4337,3385,375,279,373,19016,45180
"Tallahassee, FL Metro Area",382197,6339,5409,12944,14915,11910,17539,51126,10879,4062,4064,118826,45220
"Tampa-St. Petersburg-Clearwater, FL Metro Area",3097859,18462,17901,52124,103874,98343,142659,156508,36559,32722,46664,982885,45300
"Taos, NM Micro Area",32786,5,364,727,531,821,1438,1443,224,128,359,8415,45340
"Taylorville, IL Micro Area",32931,112,320,556,1052,1066,1610,1097,119,90,221,10014,45380
"Terre Haute, IN Metro Area",186908,1820,1855,4581,6773,6027,8441,13229,1856,994,1473,50435,45460
"Texarkana, TX-AR Metro Area",149292,815,1008,3246,5362,4730,7715,5970,1014,761,1085,35540,45500
"The Dalles, OR Micro Area",26130,167,211,384,910,765,1242,827,138,57,280,7666,45520
"The Villages, FL Metro Area",125044,327,262,762,2084,2307,2465,1720,156,1442,3004,47826,45540
"Thomaston, GA Micro Area",26236,289,215,319,830,551,1551,838,306,88,91,6795,45580
"Thomasville, GA Micro Area",44630,244,120,963,1221,1307,2473,1704,618,167,307,12018,45620
"Tiffin, OH Micro Area",55351,405,483,1143,1737,1542,2990,3755,385,222,247,15910,45660
"Tifton, GA Micro Area",40541,460,318,642,1386,1173,2084,2966,94,187,120,9143,45700
"Toccoa, GA Micro Area",25750,148,108,544,794,705,1523,1445,114,151,100,6507,45740
"Toledo, OH Metro Area",644137,5484,5598,13010,22807,19777,32749,40305,9287,3124,8947,198374,45780
"Topeka, KS Metro Area",232778,1173,1211,4480,6785,6721,12376,8806,2068,1940,1744,70060,45820
"Torrington, CT Micro Area",182002,907,783,3437,4887,4694,9332,7441,1832,1825,3198,61772,45860
"Traverse City, MI Micro Area",149033,692,852,2324,4403,4491,6719,5996,1045,928,2404,48980,45900
"Trenton-Princeton, NJ Metro Area",367922,2686,3559,8020,12243,11296,19190,26068,6594,8156,10575,104062,45940
"Troy, AL Micro Area",33333,716,467,1579,1314,764,1250,5413,725,186,241,6769,45980
"Truckee-Grass Valley, CA Micro Area",99244,273,348,1620,2430,2542,4447,3968,650,748,2361,34998,46020
"Tucson, AZ Metro Area",1027207,10074,9771,26600,36299,31604,52269,74161,14173,9521,20396,319303,46060
"Tullahoma-Manchester, TN Micro Area",103312,770,575,2063,3067,2742,5351,4524,618,648,1598,27787,46100
"Tulsa, OK Metro Area",990544,6612,5823,19197,34648,33351,53618,43181,8692,5844,13815,281460,46140
"Tupelo, MS Micro Area",165407,1107,1012,3201,5335,4989,8716,7685,1317,625,920,36208,46180
"Tuscaloosa, AL Metro Area",250681,2801,3205,7420,9923,7726,11484,25623,3758,1228,2965,59807,46220
"Twin Falls, ID Metro Area",108599,568,538,2289,3609,3828,6419,4550,588,204,611,29415,46300
"Tyler, TX Metro Area",227449,1602,1539,4658,7835,7198,12328,12937,2145,1746,2442,50374,46340
"Ukiah, CA Micro Area",87224,551,421,1481,2477,2534,4344,4132,614,416,621,25727,46380
"Union, SC Micro Area",27490,151,143,471,808,616,1376,880,169,82,72,6338,46420
"Union City, TN Micro Area",30365,176,134,423,896,711,1745,881,145,99,129,7925,46460
"Urbana, OH Micro Area",38845,250,289,735,1171,1061,2066,1433,152,125,192,11415,46500
"Urban Honolulu, HI Metro Area",984821,8069,8769,24167,42375,37554,43728,60799,14230,9426,17242,256098,46520
"Utica-Rome, NY Metro Area",292016,2403,1916,5879,9334,9061,14317,15026,2492,2639,2945,85121,46540
"Uvalde, TX Micro Area",26920,174,465,376,992,847,1855,980,190,46,84,5466,46620
"Valdosta, GA Metro Area",145315,1680,1428,5091,6011,5109,7409,12191,1854,805,882,36499,46660
"Vallejo, CA Metro Area",441829,3171,2742,9865,17181,16042,23341,24636,4821,3070,5911,125880,46700
"Van Wert, OH Micro Area",28261,183,177,428,848,738,1536,887,221,87,184,8490,46780
"Vermillion, SD Micro Area",13957,307,315,737,535,315,423,3750,658,47,86,4512,46820
"Vernal, UT Micro Area",36084,178,239,809,1192,1553,2516,977,223,46,213,8307,46860
"Vernon, TX Micro Area",12833,78,58,125,376,493,611,462,155,1,23,3249,46900
"Vicksburg, MS Micro Area",46519,453,292,711,1433,1250,2485,1764,411,276,950,11607,46980
"Victoria, TX Metro Area",99674,653,897,1702,3551,3270,5718,3875,499,609,1314,22840,47020
"Vidalia, GA Micro Area",36030,250,318,576,1081,1042,2123,1513,201,77,177,7692,47080
"Vincennes, IN Micro Area",37065,505,251,973,1157,1130,1494,2867,232,176,131,10365,47180
"Vineland-Bridgeton, NJ Metro Area",151906,1066,787,2978,6265,6240,8527,5182,649,479,871,35968,47220
"Vineyard Haven, MA Micro Area",17312,29,77,185,420,495,830,490,80,187,127,5648,47240
"Virginia Beach-Norfolk-Newport News, VA-NC Metro Area",1761729,16280,16045,45623,73356,64863,85869,118142,29212,20431,28992,535346,47260
"Visalia, CA Metro Area",461898,3721,3489,9836,17242,16005,33422,25373,3459,1049,1662,90124,47300
"Wabash, IN Micro Area",31389,194,255,613,896,778,1575,1596,188,153,193,9158,47340
"Waco, TX Metro Area",268361,3016,3714,7237,8866,8292,14193,23995,3467,1373,1965,66858,47380
"Wahpeton, ND-MN Micro Area",22545,280,170,407,650,657,1146,1572,112,63,175,7438,47420
"Walla Walla, WA Metro Area",60365,654,599,1534,2309,2063,3074,5449,410,322,829,18509,47460
"Wapakoneta, OH Micro Area",45729,290,216,876,1377,1228,2572,1178,393,104,366,15123,47540
"Warner Robins, GA Metro Area",180652,1791,1027,3431,6542,6098,9895,13124,2868,2106,2520,51436,47580
"Warren, PA Micro Area",39756,178,252,643,1084,1034,2015,736,220,237,305,12615,47620
"Kingsport-Bristol, TN-VA Metro Area",306546,1901,1661,4970,8997,8225,14712,10700,1789,1901,3834,88440,28700
"Kingston, NY Metro Area",178665,1152,1370,3469,6044,5540,7654,10650,2117,1563,1903,56406,28740
"Kingsville, TX Micro Area",31542,644,502,1202,1386,1091,1443,3996,919,152,369,7584,28780
"Kinston, NC Micro Area",56756,339,347,892,1685,1583,2995,2658,461,166,146,14450,28820
"Kirksville, MO Micro Area",29924,633,594,1246,895,738,1461,5412,708,175,39,7941,28860
"Klamath Falls, OR Micro Area",66921,423,488,1099,2218,1984,3124,3629,332,200,574,20817,28900
"Knoxville, TN Metro Area",853337,7238,7206,17305,27933,25536,41224,45386,10201,6679,16132,254593,28940
"Kalamazoo-Portage, MI Metro Area",262745,3592,3402,8886,9745,8302,12442,27981,5102,2317,5113,83364,28020
"Kalispell, MT Micro Area",99899,536,830,1262,2715,3030,4643,2497,705,664,1281,31453,28060
"Kankakee, IL Metro Area",110637,1049,751,2429,3644,3169,6151,6905,818,576,665,29100,28100
"Kansas City, MO-KS Metro Area",2124518,11854,11541,40481,75372,75136,113658,82875,30629,26321,33573,661956,28140
"Kapaa, HI Micro Area",71769,476,440,871,2191,2232,2974,1917,440,413,995,17690,28180
"Kearney, NE Micro Area",55738,656,680,1406,1789,1994,2694,5328,520,321,381,16791,28260
"Keene, NH Micro Area",76042,598,911,1367,2372,2234,2942,6924,765,691,989,24444,28300
"Kendallville, IN Micro Area",47506,288,291,897,1485,1423,2928,1149,174,124,300,12936,28340
"Kennett, MO Micro Area",30027,214,170,402,771,771,1761,806,119,45,26,7303,28380
"Kennewick-Richland, WA Metro Area",289527,2051,1706,5734,10230,11011,18081,11048,2217,2147,5698,79134,28420
"Kerrville, TX Micro Area",51843,330,227,901,1385,1272,2357,1576,238,331,715,16511,28500
"Ketchikan, AK Micro Area",13800,112,90,271,524,462,666,423,143,64,148,4373,28540
"Key West, FL Micro Area",75798,514,442,1007,2428,2359,2766,2267,595,716,1567,26418,28580
"Kill Devil Hills, NC Micro Area",36222,203,162,527,920,871,1506,1255,255,278,521,13215,28620
"Killeen-Temple, TX Metro Area",444716,5212,4499,12894,20850,17740,25029,29116,5508,3283,2246,122865,28660
"Kokomo, IN Metro Area",82331,615,508,1447,2475,2318,4512,3054,301,382,1475,25311,29020
"Laconia, NH Micro Area",60887,389,501,733,1713,1519,3119,2189,892,494,990,20904,29060
"La Crosse-Onalaska, WI-MN Metro Area",136542,1575,1739,3814,4511,4207,6181,13840,1979,1205,1289,45196,29100
"Lafayette, LA Metro Area",489914,2988,3253,9284,19094,17345,26512,21610,3573,2442,4539,126743,29180
"Lafayette-West Lafayette, IN Metro Area",228541,4239,5180,10683,9107,7120,10307,34570,9090,2483,5872,67049,29200
"La Grande, OR Micro Area",26337,230,118,719,683,794,1400,1425,183,154,145,8163,29260
"LaGrange, GA-AL Micro Area",103579,697,986,2027,3532,3049,4918,4552,669,353,964,24166,29300
"Lake Charles, LA Metro Area",208549,1288,1606,3932,7947,7000,10990,9544,1459,555,2012,55656,29340
"Lake City, FL Micro Area",69968,748,600,1397,2438,2388,3200,1918,514,218,433,18164,29380
"Lake Havasu City-Kingman, AZ Metro Area",207695,952,909,3124,5872,5426,7847,5097,1145,938,1061,65412,29420
"Lakeland-Winter Haven, FL Metro Area",686218,5900,3762,11256,22997,21299,35953,28815,4990,3890,5850,172137,29460
"Lamesa, TX Micro Area",12813,97,135,525,728,602,1016,506,40,21,39,2320,29500
"Lancaster, PA Metro Area",540999,3412,3422,10279,18376,16972,25797,22011,5259,3175,5988,155065,29540
"Lansing-East Lansing, MI Metro Area",546772,7205,6607,14364,19699,16767,26545,56984,11391,6324,8116,169898,29620
"Laramie, WY Micro Area",38390,907,864,2626,2295,1355,1212,9153,2610,442,1094,14089,29660
"Laredo, TX Metro Area",273526,2746,2190,6029,9804,8827,20204,15084,1881,938,2098,44952,29700
"Las Cruces, NM Metro Area",216069,1672,3226,6805,7796,6725,12758,21017,2913,1662,3092,53950,29740
"Las Vegas, NM Micro Area",32274,176,243,785,992,880,1433,2470,502,220,237,7378,29780
"Las Vegas-Henderson-Paradise, NV Metro Area",2182004,14042,13611,40593,82901,80901,117446,97892,22847,13821,25392,619197,29820
"Laurel, MS Micro Area",84857,405,684,1566,2608,2286,4737,3227,508,295,522,17002,29860
"Laurinburg, NC Micro Area",35076,201,273,736,1203,1025,1609,1493,118,93,148,7251,29900
"Lawrence, KS Metro Area",120290,2721,2854,5186,5334,4054,4664,21131,4326,1283,1885,40778,29940
"Lawrenceburg, TN Micro Area",43390,210,267,712,1370,1139,2183,1495,163,130,310,10177,29980
"Lawton, OK Metro Area",127620,1355,1459,3981,5994,5258,6890,7139,1241,856,681,32576,30020
"Lebanon, MO Micro Area",35531,93,222,657,1065,980,1809,850,205,98,173,9249,30060
"Lebanon, NH-VT Micro Area",217064,1844,1228,4185,6391,6347,9010,11143,3644,2359,3688,72134,30100
"Lebanon, PA Metro Area",139729,1092,968,2118,4149,4096,6922,4685,1055,821,874,39783,30140
"Levelland, TX Micro Area",23064,300,29,549,894,734,1411,1418,146,91,75,5127,30220
"Lewisburg, PA Micro Area",45111,724,499,508,1572,1710,1941,4579,218,237,552,10692,30260
"Lewisburg, TN Micro Area",32965,114,209,524,1086,1035,1865,804,195,73,196,8279,30280
"Lewiston, ID-WA Metro Area",62638,349,366,1267,1883,1851,3109,2473,322,268,587,19630,30300
"Lewiston-Auburn, ME Metro Area",107602,615,670,2018,3208,3199,5032,5681,854,620,679,35713,30340
"Lewistown, PA Micro Area",46276,228,282,781,1371,1287,2089,854,195,117,90,12280,30380
"Lexington, NE Micro Area",25746,78,119,502,878,963,1539,929,196,50,11,6562,30420
"Lexington-Fayette, KY Metro Area",510647,5400,4014,13274,19045,17682,23271,38274,11079,4255,9301,158242,30460
"Liberal, KS Micro Area",22349,283,172,406,1088,810,1416,859,85,71,93,4235,30580
"Lima, OH Metro Area",103175,1108,800,2006,3756,3004,5686,5957,674,412,508,29550,30620
"Lincoln, IL Micro Area",29003,218,190,588,924,910,1616,1671,160,109,204,7669,30660
"Lincoln, NE Metro Area",330329,4317,4198,10150,12736,11579,16242,33355,7227,2607,4305,109756,30700
"Little Rock-North Little Rock-Conway, AR Metro Area",737015,5184,4981,15621,26159,24898,37297,37652,11168,6467,7236,207753,30780
"Lock Haven, PA Micro Area",38915,456,401,1051,1429,996,1680,2780,296,187,320,10804,30820
"Logan, UT-ID Metro Area",137629,1546,1897,5967,5766,4099,9653,16703,2125,971,2086,38096,30860
"Logansport, IN Micro Area",37880,339,179,759,1125,1021,2297,1261,158,60,142,9871,30900
"London, KY Micro Area",148221,1243,1134,2536,5065,4536,7383,6171,1365,413,290,33683,30940
"Longview, TX Metro Area",284796,1828,1704,6079,9626,8916,15316,11306,1307,1017,2563,67213,30980
"Longview, WA Metro Area",106778,639,682,1575,3336,3163,5544,4057,654,484,1048,32142,31020
"Los Alamos, NM Micro Area",18625,124,9,190,458,814,1158,620,495,906,2042,7083,31060
"Los Angeles-Long Beach-Anaheim, CA Metro Area",13249614,96395,93962,279993,555233,506724,704661,945575,196469,148704,291299,3571217,31080
"Louisville/Jefferson County, KY-IN Metro Area",1257088,8174,7695,22719,44631,41911,65634,53252,15207,11138,16312,367676,31140
"Lubbock, TX Metro Area",316474,3945,4864,10945,12707,10868,16649,37165,7163,1693,3091,87381,31180
"Ludington, MI Micro Area",28954,93,181,515,767,722,1355,874,215,209,302,8840,31220
"Lufkin, TX Micro Area",87322,795,271,1669,2895,2619,4953,3478,349,210,602,22077,31260
"Lumberton, NC Micro Area",132596,1198,1052,2485,4460,3728,7643,6761,915,397,298,24221,31300
"Lynchburg, VA Metro Area",261652,2924,2661,6101,8727,7256,12207,22150,4955,1820,3084,72778,31340
"Macomb, IL Micro Area",30479,779,709,895,1090,806,1218,5960,669,342,86,8568,31380
"Macon-Bibb County, GA Metro Area",229504,1587,1509,4512,7412,6706,12012,12669,3129,2006,1549,58904,31420
"Madera, CA Metro Area",155433,1206,1292,2765,5265,4776,11149,8272,725,238,792,31791,31460
"Madison, IN Micro Area",32201,292,246,545,868,929,1540,1860,236,68,363,8876,31500
"Madison, WI Metro Area",653725,6400,6275,18887,26108,24332,30149,51532,16874,11382,14164,232175,31540
"Madisonville, KY Micro Area",45331,242,237,694,1445,1302,2287,1221,476,201,234,12107,31580
"Magnolia, AR Micro Area",23776,423,315,707,626,586,1252,2407,253,77,85,4341,31620
"Malone, NY Micro Area",50477,349,488,1678,2453,1960,2180,1557,142,190,220,13011,31660
"Malvern, AR Micro Area",33597,324,102,557,1334,1341,1493,1068,140,142,96,6950,31680
"Manchester-Nashua, NH Metro Area",413035,2553,2234,9022,14623,13881,21286,19043,6174,7911,12306,137801,31700
"Manhattan, KS Metro Area",132928,3056,4081,7468,7362,5408,5073,21147,3805,1025,1440,40669,31740
"Manitowoc, WI Micro Area",79185,522,440,1222,2150,2222,4031,2554,434,424,777,25978,31820
"Mankato, MN Metro Area",100749,2248,1770,2745,3976,3375,4234,14326,1157,837,491,32268,31860
"Mansfield, OH Metro Area",121100,650,1055,2603,4380,4106,6181,4299,789,430,828,34161,31900
"Marietta, OH Micro Area",60426,438,465,1108,1808,1673,3245,2512,420,305,717,17540,31930
"Marinette, WI-MI Micro Area",63465,251,367,915,1575,1587,3061,1929,249,277,594,20609,31940
"Marion, IN Micro Area",66452,650,656,1299,1980,1470,3109,5936,492,231,363,17946,31980
"McAllen-Edinburg-Mission, TX Metro Area",855176,6822,7714,18562,30641,26801,63505,45674,6212,3203,5846,136536,32580
"McComb, MS Micro Area",39532,381,179,731,1208,981,2305,1614,142,103,144,7618,32620
"McMinnville, TN Micro Area",40702,478,213,605,1148,1174,2266,1187,145,143,242,9866,32660
"McPherson, KS Micro Area",28567,222,143,625,916,821,1471,1348,280,157,289,9541,32700
"Meadville, PA Micro Area",85665,521,729,1429,2295,2229,4071,3574,543,323,627,25065,32740
"Medford, OR Metro Area",216574,1374,1116,3552,7000,6719,9829,8605,1416,1048,1903,70947,32780
"Memphis, TN-MS-AR Metro Area",1339623,9534,8578,25993,48476,42565,75714,64108,17518,10288,14449,338176,32820
"Menomonie, WI Micro Area",44759,688,795,1509,1340,1334,1965,6909,440,331,475,13330,32860
"Merced, CA Metro Area",271382,2582,2283,5879,10808,9841,18633,20550,2071,676,1130,55194,32900
"Meridian, MS Micro Area",101992,754,842,1848,3486,3165,5310,5216,888,315,670,23706,32940
"Marion, NC Micro Area",45227,309,178,731,1517,1317,2025,1260,274,135,303,11869,32000
"Marion, OH Micro Area",65299,343,331,1539,2651,2494,3827,2595,341,137,388,17367,32020
"Marquette, MI Micro Area",66686,764,876,2091,2135,2054,2818,7047,915,527,704,21183,32100
"Marshall, MN Micro Area",25758,286,166,472,790,801,1376,1847,194,255,128,8019,32140
"Marshall, MO Micro Area",22976,251,266,389,651,650,1125,1593,180,94,152,5522,32180
"Marshalltown, IA Micro Area",39964,196,266,922,1168,1252,2110,1126,242,215,408,10861,32260
"Martin, TN Micro Area",33510,430,450,1054,1059,757,1538,4105,302,145,176,8839,32280
"Martinsville, VA Micro Area",64160,254,424,965,1699,1419,3343,2251,270,248,352,16754,32300
"Maryville, MO Micro Area",22359,702,636,849,794,585,789,4813,520,126,130,6632,32340
"Mason City, IA Micro Area",50279,293,255,891,1497,1543,2481,1973,244,204,227,16006,32380
"Mayagüez, PR Metro Area",99545,1184,1298,2728,2979,2613,4585,10959,1640,629,1065,17372,32420
"Mayfield, KY Micro Area",37248,192,280,670,1122,1008,2183,1270,148,117,246,9675,32460
"Maysville, KY Micro Area",17112,234,167,236,495,583,756,614,148,78,150,4328,32500
"McAlester, OK Micro Area",44146,271,195,757,1781,1649,2151,1400,188,83,193,11105,32540
"Mexico, MO Micro Area",25644,149,199,325,616,696,1448,724,45,29,148,6294,33020
"Miami, OK Micro Area",31454,252,195,613,939,845,1620,1431,136,95,83,7222,33060
"Miami-Fort Lauderdale-Pompano Beach, FL Metro Area",6090660,37073,37431,109680,209240,204911,299755,346468,89190,52419,126163,1678569,33100
"Michigan City-La Porte, IN Metro Area",110154,558,679,2590,4279,3960,5745,3279,592,338,893,31891,33140
"Middlesborough, KY Micro Area",26791,225,177,427,857,783,1291,698,235,34,21,5729,33180
"Midland, MI Metro Area",83355,616,518,1483,2648,2644,4405,4049,838,886,2823,26860,33220
"Midland, TX Metro Area",173816,1423,1186,3561,8055,8016,8823,7481,1991,828,3640,44341,33260
"Milledgeville, GA Micro Area",53626,586,563,2160,2155,1721,2356,6262,296,433,223,12718,33300
"Milwaukee-Waukesha, WI Metro Area",1575223,10038,10028,30022,55600,53293,84733,80737,20995,15888,30168,485972,33340
"Minden, LA Micro Area",39242,207,199,743,1284,1155,1957,1383,213,138,126,7767,33380
"Mineral Wells, TX Micro Area",28540,175,197,473,765,862,1687,762,50,85,212,7110,33420
"Minneapolis-St. Paul-Bloomington, MN-WI Metro Area",3573609,21269,20183,68597,130517,134323,195396,177686,52815,54237,78191,1166083,33460
"Minot, ND Micro Area",77132,993,786,2572,4474,3211,3153,4610,897,314,612,25317,33500
"Missoula, MT Metro Area",117309,1203,1153,3875,5196,4309,4647,11022,2295,1007,1318,41082,33540
"Mitchell, SD Micro Area",23270,177,226,461,874,787,1237,1152,164,115,98,7597,33580
"Moberly, MO Micro Area",24878,311,215,394,987,916,1346,867,145,14,66,5878,33620
"Mobile, AL Metro Area",430655,3249,3044,7769,15182,13190,23826,19431,4009,2505,4876,105663,33660
"Modesto, CA Metro Area",543194,4239,4071,10838,20519,19380,34539,32253,3664,1825,3190,128676,33700
"Monroe, LA Metro Area",203457,1409,1361,4069,6780,6377,10822,9494,1368,1196,1556,45416,33740
"Monroe, MI Metro Area",149727,996,841,2563,4536,4093,8054,6486,1259,395,2269,46099,33780
"Montgomery, AL Metro Area",373544,2476,2291,7877,13289,12106,19710,17930,5228,4095,4101,100004,33860
"Montrose, CO Micro Area",46482,132,282,683,1086,1268,2428,1145,157,349,714,15281,33940
"Morehead City, NC Micro Area",69070,291,518,964,1709,1630,2975,2785,624,566,1099,24112,33980
"Mount Vernon, OH Micro Area",61481,571,328,1449,1672,1598,2835,4789,430,392,603,17092,34540
"Mount Vernon-Anacortes, WA Metro Area",125612,804,696,2114,4148,3963,6228,4614,667,620,1845,40026,34580
"Muncie, IN Metro Area",115020,1681,2254,3989,3567,2843,4880,16234,1836,722,452,34438,34620
"Murray, KY Micro Area",38837,462,404,1563,1232,1045,1452,6434,746,363,342,11472,34660
"Muscatine, IA Micro Area",42889,311,185,847,1337,1401,2447,1339,305,90,618,12039,34700
"Muskegon, MI Metro Area",173297,844,1240,3407,6022,5627,9150,6723,924,1032,1675,46897,34740
"Muskogee, OK Micro Area",68736,476,404,1451,2191,2100,3523,3063,446,275,282,16581,34780
"Myrtle Beach-Conway-North Myrtle Beach, SC-NC Metro Area",463987,2676,2562,5884,13131,12068,19003,19011,2666,3349,4865,145327,34820
"Nacogdoches, TX Micro Area",65339,940,976,2136,2087,1701,3298,10025,661,366,280,16787,34860
"Napa, CA Metro Area",139623,1028,923,2525,4335,4504,7452,8287,1446,919,2072,41658,34900
"Naples-Marco Island, FL Metro Area",371453,1861,1554,6034,9408,9252,15477,11689,2676,3079,8367,116431,34940
"Nashville-Davidson--Murfreesboro--Franklin, TN Metro Area",1871903,12010,12764,38044,71662,68131,97360,90347,26585,19466,26469,566523,34980
"Morgan City, LA Micro Area",50968,344,238,993,1883,1420,2616,1419,247,178,193,11674,34020
"Morgantown, WV Metro Area",139157,2713,2512,4647,6569,5574,5067,18695,5044,1229,2743,41189,34060
"Morristown, TN Metro Area",140912,1102,824,2563,3997,3710,7375,5670,653,481,1055,35094,34100
"Moscow, ID Micro Area",39505,802,1090,1811,1839,1158,1638,7751,1916,421,560,13529,34140
"Moses Lake, WA Micro Area",95502,806,742,1978,3561,3129,6343,3291,369,210,714,22355,34180
"Moultrie, GA Micro Area",45486,187,320,1071,1479,1427,2758,1340,232,54,41,9090,34220
"Mountain Home, AR Micro Area",41427,177,116,549,979,950,1775,1387,164,218,172,13437,34260
"Mountain Home, ID Micro Area",26743,209,322,1183,1300,1180,1306,1412,125,119,214,8336,34300
"Mount Airy, NC Micro Area",71971,454,302,1307,2133,1781,3661,2383,401,319,315,19540,34340
"Mount Gay-Shamrock, WV Micro Area",33154,133,180,590,1076,908,1539,766,170,31,13,9203,34350
"Mount Pleasant, MI Micro Area",70688,1608,2004,2703,2786,1870,2673,16430,1672,620,391,19327,34380
"Mount Pleasant, TX Micro Area",45518,399,414,693,1373,1338,2883,1665,208,123,195,8980,34420
"Mount Sterling, KY Micro Area",46682,283,256,801,1514,1293,2477,1343,357,70,259,11260,34460
"Mount Vernon, IL Micro Area",37985,241,211,831,1323,1258,1800,1278,270,121,276,10140,34500
"Natchez, MS-LA Micro Area",51044,278,447,1112,1996,1779,2644,1933,265,153,134,10626,35020
"Natchitoches, LA Micro Area",38769,701,467,1009,1152,993,2024,4913,187,160,71,8490,35060
"New Bern, NC Metro Area",124786,1474,1286,4269,4843,3490,5398,5978,975,675,1632,37590,35100
"Newberry, SC Micro Area",38194,430,501,515,1022,961,2023,1988,222,178,328,8972,35140
"New Castle, IN Micro Area",48255,294,237,1239,1879,1558,2625,1465,130,230,325,12898,35220
"New Castle, PA Micro Area",86727,555,683,1390,2493,2254,4103,3436,484,515,570,26157,35260
"New Haven-Milford, CT Metro Area",857513,5940,6294,17717,29399,27526,46273,52690,16479,9081,13746,255998,35300
"New Orleans-Metairie, LA Metro Area",1267777,8649,6872,22165,45686,46001,62986,61167,18430,8467,18347,345741,35380
"New Philadelphia-Dover, OH Micro Area",92335,535,652,1502,2635,2692,4554,2302,766,287,988,24885,35420
"Newport, OR Micro Area",48547,115,183,716,1179,1167,1832,1093,304,277,602,16496,35440
"Newport, TN Micro Area",35552,161,157,585,1014,821,1764,757,14,95,202,7247,35460
"New Ulm, MN Micro Area",25163,179,162,465,647,829,1237,1519,96,100,97,8180,35580
"New York-Newark-Jersey City, NY-NJ-PA Metro Area",19294236,119458,117831,374781,723562,691297,970794,1040904,308054,306968,375945,5612653,35620
"Niles, MI Metro Area",154133,1054,771,2852,4716,4284,8214,6505,2139,968,2732,46510,35660
"Nogales, AZ Micro Area",46480,284,196,1063,1352,1159,3469,1694,222,65,842,10422,35700
"Norfolk, NE Micro Area",48181,299,380,824,1560,1541,2657,2202,427,152,262,14712,35740
"North Platte, NE Micro Area",36585,152,178,572,1091,1104,1977,1167,208,103,209,10845,35820
"North Port-Sarasota-Bradenton, FL Metro Area",803709,3955,3185,11204,19613,18216,31620,25992,5262,6295,14911,268392,35840
"North Vernon, IN Micro Area",27710,296,172,422,883,722,1669,1207,206,117,118,7367,35860
"Warrensburg, MO Micro Area",53682,878,1058,2462,2588,1750,2212,7343,904,253,488,16226,47660
"Warsaw, IN Micro Area",79035,580,579,1449,2628,2653,4224,2718,557,461,1348,23321,47700
"Washington, IN Micro Area",33120,263,296,475,1112,1084,1398,545,60,106,132,6534,47780
"Washington, NC Micro Area",47168,400,412,480,1084,1106,2568,1594,154,357,403,13173,47820
"Washington-Arlington-Alexandria, DC-VA-MD-WV Metro Area",6196585,38324,35813,120279,226188,234143,324948,343199,134762,170165,192314,1939042,47900
"Washington Court House, OH Micro Area",28620,105,169,570,904,745,1534,618,188,201,135,7886,47920
"North Wilkesboro, NC Micro Area",68469,629,354,912,1898,1848,3365,2149,199,341,254,19765,35900
"Norwalk, OH Micro Area",58339,438,287,1120,1730,1722,3260,1630,218,152,439,16859,35940
"Norwich-New London, CT Metro Area",267390,2305,2455,6846,9913,8594,13848,13279,3466,2670,7527,86861,35980
"Oneonta, NY Micro Area",59972,838,885,1401,1500,1472,2684,6759,528,495,358,17732,36580
"Ontario, OR-ID Micro Area",53672,363,469,1129,1933,1828,2801,1743,122,161,363,13036,36620
"Waterloo-Cedar Falls, IA Metro Area",169556,1807,1783,4985,5807,5161,7610,16452,2328,836,2041,52144,47940
"Watertown, SD Micro Area",34051,203,129,699,1213,1056,1780,1510,161,100,210,10892,47980
"Watertown-Fort Atkinson, WI Micro Area",84701,656,428,1583,2394,2498,4277,4830,593,496,861,25981,48020
"Watertown-Fort Drum, NY Metro Area",112842,1416,1581,4181,6231,4683,5325,4743,973,582,852,33102,48060
"Wauchula, FL Micro Area",27131,163,251,710,1206,924,1511,840,63,31,34,4407,48100
"Wausau-Weston, WI Metro Area",163140,948,1048,2708,4790,4803,8284,6342,833,1022,1373,52823,48140
"Waycross, GA Micro Area",54843,335,277,912,2204,1622,2856,1418,246,49,227,12368,48180
"Weatherford, OK Micro Area",29152,449,413,1032,989,951,1507,3294,370,141,100,7609,48220
"Weirton-Steubenville, WV-OH Metro Area",118213,880,714,2007,3311,2867,5067,5829,853,438,514,34023,48260
"Wenatchee, WA Metro Area",118252,971,772,1963,3870,3706,7028,4215,601,544,1092,34186,48300
"West Plains, MO Micro Area",40104,234,281,725,1173,1127,2189,1440,489,232,205,10816,48460
"West Point, MS Micro Area",19640,177,97,271,638,576,1309,1017,73,58,71,4220,48500
"Wheeling, WV-OH Metro Area",141475,920,990,2344,4793,4297,6912,5557,1123,456,1040,38231,48540
"Whitewater, WI Micro Area",103074,1216,1360,2230,2889,2810,5449,9047,868,571,1010,33096,48580
"Wichita, KS Metro Area",637690,4487,4517,13314,22553,21414,37919,32841,8227,4967,11030,185806,48620
"Wichita Falls, TX Metro Area",150715,2032,1338,4206,6134,5543,6721,8606,1513,912,1205,39037,48660
"Williamsport, PA Metro Area",114330,961,924,1819,4102,3513,5210,6509,650,571,937,33460,48700
"Williston, ND Micro Area",35208,133,198,954,1981,2344,1822,1206,66,169,222,11231,48780
"Willmar, MN Micro Area",42841,288,349,884,1370,1361,2302,1272,304,174,276,12643,48820
"Wilmington, NC Metro Area",288337,2401,2558,6998,9432,8863,12663,22486,3146,2760,4783,96361,48900
"Wilmington, OH Micro Area",41957,417,302,650,1226,1171,2307,1838,215,200,346,11595,48940
"Wilson, NC Micro Area",81435,600,267,1501,2506,2211,4707,3860,672,393,627,20704,48980
"Winchester, VA-WV Metro Area",137621,474,864,2756,4128,3902,7213,5021,1669,1146,1395,39399,49020
"Winfield, KS Micro Area",35351,386,264,670,1100,1074,1907,2054,226,189,205,9683,49060
"Winnemucca, NV Micro Area",16828,96,62,222,531,858,995,565,105,61,157,4886,49080
"Winona, MN Micro Area",50725,734,720,1919,1854,1377,2178,8212,311,440,592,15753,49100
"Winston-Salem, NC Metro Area",666216,4057,3448,12428,20120,18881,36323,31313,6594,5578,6473,196138,49180
"Wisconsin Rapids-Marshfield, WI Micro Area",73112,325,337,1244,2012,2213,3526,2226,368,482,400,24340,49220
"Woodward, OK Micro Area",24742,86,184,527,865,999,1377,498,66,104,130,6125,49260
"Wooster, OH Micro Area",116099,1307,786,1951,3560,3305,5388,5720,1067,518,1139,32399,49300
"Worcester, MA-CT Metro Area",941338,7200,6587,18967,30981,30100,50772,59126,14360,12543,20932,284824,49340
"Worthington, MN Micro Area",21734,188,107,363,841,759,1085,480,131,47,53,5577,49380
"Yakima, WA Metro Area",249697,1824,1695,5287,8896,7877,16215,8810,1788,561,909,56507,49420
"Yankton, SD Micro Area",22717,176,189,390,754,764,1219,723,262,106,216,7128,49460
"Yauco, PR Metro Area",90618,759,536,1848,2548,2443,4868,5963,617,418,328,11815,49500
"York-Hanover, PA Metro Area",445565,2593,2769,7816,13996,13670,22683,17450,3958,3174,5590,132289,49620
"Youngstown-Warren-Boardman, OH-PA Metro Area",541846,3596,3587,10016,16639,14886,27736,22405,3867,3116,5203,162987,49660
"Yuba City, CA Metro Area",172469,1008,1226,4027,6888,6180,9918,10340,1521,645,1272,43773,49700
"Yuma, AZ Metro Area",209468,1783,2458,6311,8573,7563,12625,10816,1186,528,1406,49320,49740
"Zanesville, OH Micro Area",86131,722,686,1462,2643,2336,4398,3788,519,152,476,23746,49780
"Zapata, TX Micro Area",14304,48,50,438,475,398,894,190,5,0,79,2023,49820
"Opelousas, LA Micro Area",83172,737,469,1311,2636,2459,4561,1813,312,152,265,16630,36660
"Orangeburg, SC Micro Area",87687,822,490,1687,2647,2196,4795,5727,1360,321,490,20565,36700
"Orlando-Kissimmee-Sanford, FL Metro Area",2508970,17508,17171,51618,100895,91696,129297,162073,34194,26419,46617,727672,36740
"Fort Dodge, IA Micro Area",36545,315,484,879,1395,1134,1796,2083,156,140,274,10573,22700
"Fort Collins, CO Metro Area",344786,3738,3824,11315,14350,12004,15715,33676,6924,5666,10588,122703,22660
