NAME,B07001_053E,B07001_054E,B07001_055E,B07001_069E,B07001_070E,B07001_071E,B07001_085E,B07001_086E,B07001_087E,B07401_053E,B07401_054E,B07401_055E,B07401_069E,B07401_070E,B07401_071E,metropolitan statistical area/micropolitan statistical area
"Big Stone Gap, VA Micro Area",405,262,146,99,30,100,8,0,12,239,284,158,137,242,141,13720
"Billings, MT Metro Area",848,588,321,536,924,655,41,39,59,838,569,569,935,729,435,13740
"Binghamton, NY Metro Area",2287,688,429,828,524,345,535,179,72,1366,904,375,1067,775,427,13780
"Birmingham-Hoover, AL Metro Area",6192,5757,3770,2295,2711,2787,319,345,173,5715,5116,3248,2510,3072,1919,13820
"Bismarck, ND Metro Area",1060,894,630,433,272,163,70,173,70,882,597,423,555,557,284,13900
"Blackfoot, ID Micro Area",219,185,96,143,59,152,5,0,18,365,192,56,81,77,123,13940
"Blacksburg-Christiansburg, VA Metro Area",3360,1045,563,1100,488,361,409,356,114,2536,1649,510,1277,835,431,13980
"Bloomington, IL Metro Area",2566,1000,692,742,287,160,163,120,60,1623,1246,445,849,722,382,14010
"Bloomington, IN Metro Area",3810,876,641,2009,938,422,636,488,61,2037,1221,370,1445,1446,440,14020
"Bloomsburg-Berwick, PA Metro Area",883,217,354,228,91,138,17,22,6,795,473,285,128,265,197,14100
"Bluefield, WV-VA Micro Area",415,279,261,412,365,94,44,0,25,418,298,229,236,481,112,14140
"Blytheville, AR Micro Area",375,159,134,123,123,95,0,23,0,266,123,199,107,277,82,14180
"Bogalusa, LA Micro Area",78,130,183,106,96,87,0,2,0,155,157,134,0,143,59,14220
"Boise City, ID Metro Area",3270,2407,1649,3164,3557,2534,501,213,215,2916,2284,1600,3268,2205,1253,14260
"Bonham, TX Micro Area",374,626,412,27,29,116,0,34,11,415,314,259,19,44,20,14300
"Boone, NC Micro Area",1446,408,123,363,207,174,21,18,2,1274,454,124,601,397,85,14380
"Borger, TX Micro Area",114,65,122,81,89,31,0,0,4,266,191,37,18,32,61,14420
"Boston-Cambridge-Newton, MA-NH Metro Area",22397,28819,20356,22072,23415,14055,9455,8506,6508,23171,29664,21003,23276,24538,15054,14460
"Boulder, CO Metro Area",2734,2547,1263,4155,2676,1759,705,564,265,3254,3102,2430,2141,2030,1170,14500
"Bowling Green, KY Metro Area",1893,1159,661,1271,505,340,181,121,50,1337,678,740,675,497,485,14540
"Bozeman, MT Micro Area",783,430,271,1235,1806,499,247,64,11,839,650,189,1228,947,370,14580
"Bradford, PA Micro Area",182,61,98,171,166,67,0,0,68,207,115,74,128,248,109,14620
"Brainerd, MN Micro Area",595,434,358,245,109,179,8,3,5,479,355,227,241,103,28,14660
"Branson, MO Micro Area",176,209,79,250,199,156,0,49,0,405,169,295,264,176,32,14700
"Breckenridge, CO Micro Area",281,125,302,148,156,115,0,58,22,316,487,178,434,235,274,14720
"Bremerton-Silverdale-Port Orchard, WA Metro Area",1100,1085,866,3402,1989,1051,89,103,79,1387,1648,730,1424,1344,948,14740
"Brenham, TX Micro Area",405,82,203,55,0,20,56,30,15,336,151,50,68,80,33,14780
"Brevard, NC Micro Area",142,59,65,131,154,87,0,0,17,81,102,72,122,53,27,14820
"Bridgeport-Stamford-Norwalk, CT Metro Area",1153,1325,998,3402,4052,2951,1305,1198,1103,2409,1850,1241,4811,4135,2611,14860
"Brookhaven, MS Micro Area",239,89,22,30,19,84,0,0,0,153,177,126,178,83,108,15020
"Brookings, OR Micro Area",96,15,27,3,88,90,32,0,1,86,21,15,35,35,69,15060
"Brookings, SD Micro Area",923,181,34,689,130,35,51,57,31,589,284,118,614,210,44,15100
"Brownsville, TN Micro Area",3,78,25,0,0,0,0,0,0,171,75,103,93,0,71,15140
"Brownsville-Harlingen, TX Metro Area",481,618,538,224,91,76,97,152,124,1673,1529,849,623,464,230,15180
"Brownwood, TX Micro Area",270,221,211,11,0,21,0,11,0,174,507,217,34,53,30,15220
"Brunswick, GA Metro Area",687,470,526,263,297,320,18,0,23,620,596,531,200,229,257,15260
"Bucyrus-Galion, OH Micro Area",144,283,93,22,0,0,0,0,0,285,152,187,34,23,0,15340
"Buffalo-Cheektowaga, NY Metro Area",3511,3155,1742,1157,2060,1278,813,765,496,3627,3205,2277,2952,2752,1693,15380
"Burley, ID Micro Area",446,182,244,166,155,94,56,18,58,307,260,257,107,77,10,15420
"Burlington, IA-IL Micro Area",190,179,145,275,88,81,0,17,18,204,77,115,218,78,98,15460
"Burlington, NC Metro Area",605,861,621,340,357,246,81,41,142,1162,823,538,529,388,26,15500
"Burlington-South Burlington, VT Metro Area",1273,942,580,2284,1057,589,470,108,24,650,587,298,1487,1445,754,15540
"Butte-Silver Bow, MT Micro Area",356,151,142,145,205,7,220,3,0,226,150,18,254,268,65,15580
"Cadillac, MI Micro Area",348,249,227,52,79,31,15,7,7,424,300,330,59,103,4,15620
"Calhoun, GA Micro Area",83,317,323,35,60,21,0,46,0,255,87,129,95,32,29,15660
"California-Lexington Park, MD Metro Area",508,483,363,383,519,473,45,5,150,501,292,194,344,715,545,15680
"Cambridge, MD Micro Area",234,167,46,83,49,12,0,0,0,119,160,116,43,25,55,15700
"Cambridge, OH Micro Area",151,169,97,35,112,33,0,0,0,238,32,121,29,176,50,15740
"Camden, AR Micro Area",56,83,71,50,40,51,0,0,0,270,136,106,12,114,76,15780
"Campbellsville, KY Micro Area",240,369,239,65,29,14,22,3,11,172,221,242,187,59,42,15820
"Cañon City, CO Micro Area",61,63,115,59,68,232,24,39,0,79,256,250,118,130,233,15860
"Canton-Massillon, OH Metro Area",1535,1319,671,501,624,289,19,74,9,1939,1611,1157,698,642,288,15940
"Cape Coral-Fort Myers, FL Metro Area",1937,2056,1052,1398,1963,1620,339,507,465,2100,1599,1170,1766,1483,1035,15980
"Cheyenne, WY Metro Area",454,160,158,686,790,550,48,98,19,272,142,73,668,682,562,16940
"Chicago-Naperville-Elgin, IL-IN-WI Metro Area",27515,30387,20614,29397,29353,16907,7107,8304,6780,34320,30689,22411,36726,34500,25227,16980
"Cape Girardeau, MO-IL Metro Area",933,728,356,390,351,183,226,57,60,681,709,374,466,403,153,16020
"Carbondale-Marion, IL Metro Area",2738,968,729,577,492,220,197,196,52,1424,946,480,798,586,282,16060
"Carlsbad-Artesia, NM Micro Area",137,90,119,267,290,102,23,16,8,239,107,114,399,412,178,16100
"Carroll, IA Micro Area",111,63,70,92,33,2,0,2,0,231,34,15,149,51,40,16140
"Carson City, NV Metro Area",415,401,227,32,179,327,0,9,10,291,215,251,132,215,373,16180
"Casper, WY Metro Area",264,218,65,362,319,200,0,8,7,513,200,106,482,315,362,16220
"Cedar City, UT Micro Area",480,279,174,452,180,182,85,0,0,491,423,174,455,344,200,16260
"Cedar Rapids, IA Metro Area",1952,1154,801,910,822,493,110,120,75,1676,820,631,1062,358,295,16300
"Cedartown, GA Micro Area",286,292,93,28,50,46,0,64,0,197,144,94,18,5,51,16340
"Celina, OH Micro Area",107,130,63,85,49,77,0,30,0,365,210,85,42,39,54,16380
"Central City, KY Micro Area",104,40,78,75,19,8,0,0,0,99,124,191,55,0,15,16420
"Centralia, IL Micro Area",153,171,122,44,77,25,2,8,0,465,197,74,246,108,21,16460
"Centralia, WA Micro Area",655,320,254,119,295,116,9,3,11,350,349,260,189,53,68,16500
"Chambersburg-Waynesboro, PA Metro Area",367,331,173,195,288,194,0,0,12,504,570,254,359,377,361,16540
"Champaign-Urbana, IL Metro Area",3906,845,508,1484,1082,694,1117,439,324,2111,1515,674,1838,1760,792,16580
"Charleston, WV Metro Area",797,969,670,445,557,326,28,65,54,1047,664,573,759,810,553,16620
"Charleston-Mattoon, IL Micro Area",1583,277,162,198,67,104,82,64,0,628,217,320,268,109,62,16660
"Charleston-North Charleston, SC Metro Area",4422,5012,2620,4777,4856,2775,460,588,369,4829,4485,2710,4536,4845,3092,16700
"Charlotte-Concord-Gastonia, NC-SC Metro Area",11129,11714,6488,9703,12951,9180,1409,2352,1545,12275,9813,6972,7279,9562,7021,16740
"Charlottesville, VA Metro Area",3526,2143,1117,1156,1258,1052,392,434,253,3286,2248,1615,1467,1374,779,16820
"Chattanooga, TN-GA Metro Area",2396,2212,1025,2386,2728,1548,142,254,96,2447,1794,790,1879,2444,1528,16860
"Chico, CA Metro Area",2414,1183,1087,373,132,103,133,109,19,2581,1584,728,536,451,213,17020
"Chillicothe, OH Micro Area",625,561,450,14,6,73,0,28,3,614,623,196,66,57,16,17060
"Cincinnati, OH-KY-IN Metro Area",13667,12111,7989,7940,8919,5904,1520,1270,694,12704,11463,7494,8327,8442,5346,17140
"Clarksburg, WV Micro Area",431,605,283,70,94,170,0,31,10,494,581,307,168,242,180,17220
"Clarksdale, MS Micro Area",84,92,18,10,16,17,0,0,0,38,231,90,0,71,47,17260
"Clarksville, TN-KY Metro Area",1101,764,1081,5207,4051,2776,588,369,292,1015,819,645,4573,4823,2448,17300
"Clearlake, CA Micro Area",367,344,204,133,117,68,80,0,1,265,248,185,80,113,138,17340
"Cleveland, MS Micro Area",209,43,29,43,25,36,0,0,0,194,112,75,97,3,15,17380
"Cleveland, TN Metro Area",697,475,147,641,210,204,4,2,21,999,771,273,511,496,255,17420
"Cleveland-Elyria, OH Metro Area",7908,8684,5233,4863,4118,3514,1245,1138,843,9269,8150,5403,5105,4088,3292,17460
"Clewiston, FL Micro Area",154,131,80,20,20,0,374,184,106,135,173,79,29,20,37,17500
"Clinton, IA Micro Area",186,82,50,270,107,128,0,3,22,299,62,70,169,117,82,17540
"Clovis, NM Micro Area",264,197,73,401,358,314,60,38,147,228,119,168,312,494,420,17580
"Coamo, PR Micro Area",,,,,,,,,,,,,,,,17620
"Coco, PR Micro Area",,,,,,,,,,,,,,,,17640
"Coeur d'Alene, ID Metro Area",449,451,122,543,612,456,5,15,93,569,397,242,813,528,517,17660
"Coffeyville, KS Micro Area",101,103,112,72,95,16,13,0,0,223,117,63,161,74,141,17700
"Coldwater, MI Micro Area",234,144,126,122,203,21,0,0,7,153,132,151,99,37,9,17740
"College Station-Bryan, TX Metro Area",6227,2161,1076,1285,1125,574,1002,537,460,6414,2889,1302,1044,1261,640,17780
"Colorado Springs, CO Metro Area",2313,2770,2018,7103,7726,5486,1827,1066,577,2312,2022,1445,5936,5559,5038,17820
"Columbia, MO Metro Area",2488,1052,705,955,1034,776,438,284,211,2417,1782,763,1834,1347,740,17860
"Columbia, SC Metro Area",5870,4211,3168,6321,3766,2660,396,347,406,4688,4275,2338,4020,3121,2237,17900
"Columbus, GA-AL Metro Area",2089,2027,1069,3787,3623,2524,318,413,539,1841,1545,1336,3321,3349,2120,17980
"Cullman, AL Micro Area",358,124,249,65,169,92,0,0,0,396,220,175,161,199,31,18980
"Columbus, IN Metro Area",421,574,195,414,304,155,105,246,95,487,392,211,220,262,276,18020
"Columbus, MS Micro Area",94,207,120,342,334,127,17,15,7,314,264,126,389,630,322,18060
"Columbus, NE Micro Area",262,66,157,96,141,77,0,7,14,359,74,119,32,68,43,18100
"Columbus, OH Metro Area",13072,12648,8246,4516,6356,4504,1450,1657,927,11501,10152,7342,6190,6271,4474,18140
"Concord, NH Micro Area",1098,1092,524,553,476,358,187,72,61,711,769,782,580,381,292,18180
"Connersville, IN Micro Area",42,166,23,11,8,8,0,0,0,116,47,38,78,0,28,18220
"Cookeville, TN Micro Area",1164,591,301,333,328,201,169,9,43,932,681,461,155,223,124,18260
"Coos Bay, OR Micro Area",282,139,37,259,340,149,39,1,13,252,268,279,213,160,73,18300
"Cordele, GA Micro Area",28,83,240,27,59,6,0,0,0,48,99,93,27,80,11,18380
"Corinth, MS Micro Area",62,71,119,46,46,188,0,0,30,206,124,167,107,38,43,18420
"Cornelia, GA Micro Area",186,244,206,7,84,29,67,0,35,264,184,234,0,54,21,18460
"Corning, NY Micro Area",325,308,233,172,165,116,17,36,25,320,318,320,330,152,294,18500
"Corpus Christi, TX Metro Area",2168,2090,1385,1113,859,683,39,107,83,2206,2619,1568,921,1046,845,18580
"Corsicana, TX Micro Area",221,248,240,57,18,68,8,35,0,332,282,329,16,29,27,18620
"Cortland, NY Micro Area",371,241,122,118,145,49,10,0,0,294,274,73,44,57,105,18660
"Corvallis, OR Metro Area",2295,839,386,877,654,432,362,130,91,1883,1145,436,1132,807,420,18700
"Coshocton, OH Micro Area",214,89,159,23,37,7,20,10,0,227,123,94,45,7,3,18740
"Craig, CO Micro Area",125,133,87,82,67,79,0,126,9,17,118,41,12,5,56,18780
"Crawfordsville, IN Micro Area",386,213,212,61,57,126,1,0,10,395,146,38,155,69,13,18820
"Crescent City, CA Micro Area",241,336,236,50,101,145,0,0,0,165,277,395,44,44,61,18860
"Crestview-Fort Walton Beach-Destin, FL Metro Area",1264,1736,1075,2707,2176,1310,292,197,299,1606,1728,1193,1571,2327,1525,18880
"Crossville, TN Micro Area",189,282,69,199,154,102,24,0,0,123,278,215,24,58,4,18900
"Decatur, IN Micro Area",163,58,32,80,136,14,9,12,0,385,342,107,50,113,58,19540
"Defiance, OH Micro Area",234,151,65,115,61,9,0,0,0,242,185,144,77,31,89,19580
"Del Rio, TX Micro Area",299,173,121,508,175,153,145,243,178,298,274,27,142,202,212,19620
"Deltona-Daytona Beach-Ormond Beach, FL Metro Area",2518,2057,1475,1368,1552,1189,477,361,273,2569,1507,1472,1995,1660,921,19660
"Deming, NM Micro Area",49,39,160,27,17,47,25,46,12,167,224,32,160,103,57,19700
"Denver-Aurora-Lakewood, CO Metro Area",22583,30806,22950,15164,21440,14707,2218,2468,2160,21832,30954,23403,10777,12596,9316,19740
"DeRidder, LA Micro Area",156,307,127,213,101,176,1,0,77,217,266,44,94,117,52,19760
"Des Moines-West Des Moines, IA Metro Area",5615,4431,3112,1881,2797,1677,199,253,171,4367,3664,2289,1772,1993,1419,19780
"Detroit-Warren-Dearborn, MI Metro Area",18470,20912,11782,6551,7602,5677,2069,3075,2944,23050,19711,12037,9245,6949,5409,19820
"Dickinson, ND Micro Area",26,151,155,312,422,139,163,49,17,183,170,290,282,292,240,19860
"Dixon, IL Micro Area",296,278,253,18,25,74,2,0,0,335,281,157,132,30,25,19940
"Dodge City, KS Micro Area",277,199,126,49,158,76,76,6,9,279,73,49,41,85,108,19980
"Cullowhee, NC Micro Area",884,257,247,214,155,195,43,0,91,386,287,192,280,316,128,19000
"Cumberland, MD-WV Metro Area",429,360,154,433,308,177,11,56,0,479,452,166,393,315,184,19060
"Dallas-Fort Worth-Arlington, TX Metro Area",40212,43800,29473,16861,22486,18271,6889,8644,6664,40242,42431,29926,14885,16016,10897,19100
"Dalton, GA Metro Area",356,340,214,294,302,196,47,0,7,642,387,353,337,278,75,19140
"Danville, IL Metro Area",143,183,122,31,67,39,0,10,16,271,239,203,278,191,132,19180
"Danville, KY Micro Area",457,452,294,153,34,20,52,18,0,306,339,199,179,17,47,19220
"Danville, VA Micro Area",385,352,282,300,277,117,11,13,20,619,382,304,192,174,222,19260
"Daphne-Fairhope-Foley, AL Metro Area",797,501,357,649,381,611,147,47,115,332,422,357,764,652,495,19300
"Davenport-Moline-Rock Island, IA-IL Metro Area",1365,739,536,1530,1179,777,152,107,144,1560,873,412,1765,1501,1178,19340
"Dayton, TN Micro Area",101,196,61,54,18,21,9,17,17,181,217,101,84,141,67,19420
"Dayton-Kettering, OH Metro Area",5232,4370,2679,2522,2813,1599,558,587,534,5652,5152,3059,2062,2505,1540,19430
"Decatur, AL Metro Area",802,696,351,146,340,149,0,16,3,888,520,281,74,91,62,19460
"Decatur, IL Metro Area",297,351,207,295,186,88,24,16,15,422,355,237,273,107,93,19500
"Dothan, AL Metro Area",525,359,261,335,448,334,31,21,39,740,612,495,427,387,213,20020
"Douglas, GA Micro Area",102,287,131,21,0,100,0,0,18,274,324,223,43,61,38,20060
"Dover, DE Metro Area",613,719,151,960,850,307,145,44,37,366,536,500,766,645,468,20100
"Dublin, GA Micro Area",241,346,154,0,52,68,0,19,14,708,378,238,142,21,72,20140
"DuBois, PA Micro Area",343,322,324,19,56,64,22,0,0,424,314,310,138,59,119,20180
"Dubuque, IA Metro Area",387,169,169,474,412,300,32,37,27,421,263,128,370,424,272,20220
"Duluth, MN-WI Metro Area",2411,1188,378,1375,774,612,117,30,27,2236,1460,611,1160,974,575,20260
"Dumas, TX Micro Area",19,50,28,0,9,6,24,8,0,214,189,97,52,105,57,20300
"Duncan, OK Micro Area",75,100,92,80,56,74,2,4,0,219,388,178,206,32,71,20340
"Durango, CO Micro Area",259,91,133,336,412,216,53,35,0,429,189,123,285,429,253,20420
"Durant, OK Micro Area",223,116,110,290,176,176,0,13,14,192,167,97,287,301,140,20460
"Durham-Chapel Hill, NC Metro Area",5954,4115,2826,3790,4251,2532,1091,1026,763,4695,5507,3716,2918,3805,2656,20500
"Dyersburg, TN Micro Area",183,100,88,116,86,0,0,0,0,149,172,129,29,30,72,20540
"Eagle Pass, TX Micro Area",143,203,152,1,2,82,41,164,123,323,260,67,22,11,17,20580
"Easton, MD Micro Area",60,75,118,311,153,81,0,4,0,198,191,145,204,35,32,20660
"East Stroudsburg, PA Metro Area",388,377,310,412,556,331,28,41,143,769,385,337,450,648,196,20700
"Eau Claire, WI Metro Area",2355,1356,717,698,562,547,58,23,0,2002,1312,600,745,404,290,20740
"Edwards, CO Micro Area",285,320,243,416,161,304,36,37,156,349,270,184,276,375,213,20780
"Effingham, IL Micro Area",192,103,197,51,129,38,1,0,32,228,155,107,154,61,95,20820
"El Campo, TX Micro Area",113,226,75,31,0,0,6,0,0,131,239,146,10,50,28,20900
"El Centro, CA Metro Area",368,636,447,182,305,110,113,140,105,753,586,824,228,220,174,20940
"El Dorado, AR Micro Area",50,62,67,49,134,83,0,0,6,171,87,88,171,80,49,20980
"Elizabeth City, NC Micro Area",406,300,224,110,165,203,0,14,0,226,305,139,133,104,192,21020
"Elizabethtown-Fort Knox, KY Metro Area",914,996,568,895,1042,906,83,160,187,1130,953,365,638,814,566,21060
"Elk City, OK Micro Area",172,205,203,167,44,132,0,0,0,274,356,160,88,252,88,21120
"Elkhart-Goshen, IN Metro Area",772,863,399,381,520,200,65,121,122,816,834,451,529,449,237,21140
"Elkins, WV Micro Area",280,197,132,71,99,68,4,0,0,115,348,92,84,108,31,21180
"Elko, NV Micro Area",280,204,83,250,267,427,2,42,0,173,251,178,140,221,221,21220
"Ellensburg, WA Micro Area",1760,672,53,185,208,110,187,22,0,455,437,97,288,260,160,21260
"Elmira, NY Metro Area",354,428,193,104,199,97,37,6,16,409,537,262,320,347,236,21300
"El Paso, TX Metro Area",2011,1583,1564,2512,4076,2614,1679,1241,921,1986,1948,1130,3872,4531,2457,21340
"Emporia, KS Micro Area",458,77,69,185,22,1,39,0,0,326,181,160,62,73,7,21380
"Enid, OK Metro Area",214,223,246,234,306,181,17,55,188,326,245,190,283,568,218,21420
"Enterprise, AL Micro Area",327,231,278,183,411,193,48,75,51,248,170,272,324,305,323,21460
"Erie, PA Metro Area",1259,739,370,1054,628,359,147,84,91,850,719,332,1124,1077,885,21500
"Escanaba, MI Micro Area",76,106,83,12,81,13,0,3,0,284,120,47,68,135,11,21540
"Española, NM Micro Area",84,100,195,7,35,10,11,0,0,228,76,74,71,64,0,21580
"Forrest City, AR Micro Area",102,62,168,34,45,49,0,29,0,294,247,61,155,78,89,22620
"Eufaula, AL-GA Micro Area",118,108,114,11,48,70,4,0,12,51,147,297,24,53,18,21640
"Eugene-Springfield, OR Metro Area",2684,754,811,2254,1456,1072,678,238,139,1975,1787,883,1661,1555,1091,21660
"Eureka-Arcata, CA Micro Area",1352,658,340,308,439,165,62,73,34,673,630,262,271,436,323,21700
"Evanston, WY Micro Area",32,108,24,47,55,64,0,0,0,108,78,56,95,47,6,21740
"Evansville, IN-KY Metro Area",2369,1566,922,1010,1073,810,154,70,0,1630,1296,813,816,966,465,21780
"Fairbanks, AK Metro Area",296,297,169,1658,754,833,85,288,178,216,293,192,1315,1731,877,21820
"Fairfield, IA Micro Area",98,99,31,19,44,21,33,175,50,116,93,79,40,172,148,21840
"Fairmont, MN Micro Area",52,36,65,84,121,37,3,46,0,126,102,37,33,63,39,21860
"Fairmont, WV Micro Area",566,306,80,204,150,106,20,9,0,412,178,145,55,55,143,21900
"Fallon, NV Micro Area",73,89,12,248,271,82,6,0,0,210,235,88,164,164,162,21980
"Fort Morgan, CO Micro Area",224,217,144,87,38,244,16,0,21,209,215,115,53,18,32,22820
"Fort Payne, AL Micro Area",277,207,125,57,118,156,15,0,11,183,147,70,141,84,57,22840
"Fort Polk South, LA Micro Area",315,191,105,1047,704,499,147,147,201,162,345,216,880,773,809,22860
"Fort Smith, AR-OK Metro Area",1458,1127,620,521,697,900,46,102,32,1797,870,571,709,677,444,22900
"Fargo, ND-MN Metro Area",1682,931,355,3943,2613,1195,264,71,271,1308,765,304,3272,2980,1527,22020
"Faribault-Northfield, MN Micro Area",456,484,254,211,205,96,132,99,51,860,471,351,356,136,18,22060
"Farmington, MO Micro Area",375,636,313,81,86,79,0,0,0,441,470,322,92,145,86,22100
"Farmington, NM Metro Area",195,174,52,324,422,292,13,0,33,417,166,86,342,317,340,22140
"Fayetteville, NC Metro Area",2422,3232,2090,6618,4597,2999,876,1229,650,3212,3105,2137,4296,4953,3657,22180
"Fayetteville-Springdale-Rogers, AR Metro Area",3391,2059,1413,2133,1792,1593,406,268,316,3061,2218,1087,2586,2348,1516,22220
"Fergus Falls, MN Micro Area",241,172,114,81,40,145,8,9,3,249,156,130,199,450,54,22260
"Fernley, NV Micro Area",260,181,365,196,42,314,6,45,0,404,417,72,113,42,197,22280
"Findlay, OH Micro Area",770,418,152,417,151,54,65,74,23,888,615,413,297,234,197,22300
"Fitzgerald, GA Micro Area",63,123,11,16,0,14,0,0,8,74,191,42,52,0,52,22340
"Flagstaff, AZ Metro Area",2162,791,344,1605,788,425,225,125,98,1587,1093,526,1169,863,536,22380
"Flint, MI Metro Area",1636,1517,653,482,641,368,134,88,36,2341,1999,826,1071,405,660,22420
"Florence, SC Metro Area",750,917,349,300,405,112,4,0,12,1132,637,373,559,499,421,22500
"Florence-Muscle Shoals, AL Metro Area",1339,812,302,629,234,226,73,90,24,1048,613,217,189,368,179,22520
"Fond du Lac, WI Metro Area",763,414,346,156,109,64,59,64,122,875,656,332,122,100,58,22540
"Forest City, NC Micro Area",200,163,285,112,170,175,5,0,0,239,139,49,64,113,44,22580
"Fort Leonard Wood, MO Micro Area",438,145,78,3012,1999,1143,176,289,183,111,70,37,1000,975,871,22780
"Fort Madison-Keokuk, IA-IL-MO Micro Area",136,69,155,223,234,109,0,21,0,267,109,63,409,149,76,22800
"Fort Wayne, IN Metro Area",1637,1453,742,1243,1379,830,373,141,145,2204,1380,524,1221,1051,722,23060
"Frankfort, IN Micro Area",175,154,106,68,22,3,0,7,0,261,224,39,49,31,0,23140
"Frankfort, KY Micro Area",735,509,330,300,200,51,48,128,85,1013,395,273,159,81,73,23180
"Fredericksburg, TX Micro Area",154,52,30,79,0,15,28,1,65,194,197,30,0,7,20,23240
"Freeport, IL Micro Area",148,149,128,90,26,57,8,0,8,366,236,103,125,145,90,23300
"Fremont, NE Micro Area",397,169,80,123,71,94,0,19,0,264,189,129,154,81,11,23340
"Fremont, OH Micro Area",198,183,160,97,64,6,42,10,0,431,277,161,61,82,61,23380
"Fresno, CA Metro Area",2812,3024,2095,934,940,704,333,724,431,2382,2602,2240,1201,994,903,23420
"Gadsden, AL Metro Area",311,357,210,139,128,135,16,17,7,420,175,174,182,190,211,23460
"Gaffney, SC Micro Area",210,131,29,79,167,46,18,0,0,280,131,110,199,177,30,23500
"Gainesville, FL Metro Area",4924,1747,1023,1234,1209,682,888,469,197,3775,3985,1440,1820,1750,1302,23540
"Gainesville, GA Metro Area",1163,905,822,464,342,400,17,27,46,1272,1089,441,487,327,144,23580
"Gainesville, TX Micro Area",431,318,42,56,59,54,0,45,0,215,120,127,24,31,3,23620
"Galesburg, IL Micro Area",290,191,144,63,3,22,83,0,0,246,205,119,230,198,76,23660
"Gallup, NM Micro Area",68,148,149,71,367,136,26,0,0,303,68,135,343,120,108,23700
"Garden City, KS Micro Area",218,61,91,177,94,163,14,0,0,367,357,314,143,98,162,23780
"Gardnerville Ranchos, NV Micro Area",179,188,176,212,153,287,3,11,7,244,119,179,165,123,205,23820
"Georgetown, SC Micro Area",99,243,139,85,138,43,84,0,0,298,213,182,77,91,62,23860
"Gettysburg, PA Metro Area",381,393,192,355,433,133,21,0,13,800,599,320,408,242,132,23900
"Gillette, WY Micro Area",321,213,110,330,373,207,2,8,34,267,150,71,155,300,245,23940
"Glasgow, KY Micro Area",364,308,176,18,122,69,0,15,7,391,286,135,162,104,12,23980
"Glens Falls, NY Metro Area",1036,925,546,70,294,105,99,27,10,1031,1076,585,413,155,74,24020
"Glenwood Springs, CO Micro Area",455,551,169,404,305,297,281,115,8,352,535,351,316,262,257,24060
"Gloversville, NY Micro Area",197,230,190,66,67,2,0,0,0,231,240,128,486,84,6,24100
"Goldsboro, NC Metro Area",423,580,445,696,324,260,124,103,148,728,463,341,331,574,490,24140
"Granbury, TX Micro Area",336,261,243,102,87,59,24,0,0,281,228,103,94,110,94,24180
"Grand Forks, ND-MN Metro Area",845,320,165,1583,752,509,112,189,43,696,542,334,1192,1043,462,24220
"Grand Island, NE Metro Area",600,431,142,142,174,57,43,46,75,790,424,314,313,97,161,24260
"Grand Junction, CO Metro Area",881,872,379,641,715,358,44,4,24,1158,364,207,681,564,391,24300
"Grand Rapids, MN Micro Area",197,216,110,34,20,49,2,1,0,288,170,105,130,58,23,24330
"Grand Rapids-Kentwood, MI Metro Area",10063,6592,3995,2168,2446,1590,556,439,366,10032,5806,3827,2762,1838,1192,24340
"Grants, NM Micro Area",171,196,121,37,4,184,7,5,3,67,57,97,0,27,76,24380
"Grants Pass, OR Metro Area",287,205,175,334,365,246,0,1,0,470,261,343,43,210,96,24420
"Great Bend, KS Micro Area",94,89,71,56,42,17,0,32,0,191,270,91,95,161,358,24460
"Great Falls, MT Metro Area",412,339,156,918,524,300,38,120,19,415,261,253,617,760,288,24500
"Greeley, CO Metro Area",1661,2524,1699,1012,805,825,114,141,70,2323,1354,991,1059,861,634,24540
"Green Bay, WI Metro Area",2064,1489,770,763,648,407,217,119,45,2375,1647,679,553,592,500,24580
"Greeneville, TN Micro Area",132,151,95,168,157,51,1,13,2,188,285,162,90,201,153,24620
"Greensboro-High Point, NC Metro Area",4831,3412,1818,2016,1905,1478,493,247,349,4056,3424,2233,2136,1422,917,24660
"Greensburg, IN Micro Area",207,129,136,1,30,0,0,0,14,224,210,24,18,63,0,24700
"Greenville, MS Micro Area",162,72,48,84,132,133,7,0,3,80,130,70,298,169,217,24740
"Greenville, NC Metro Area",3899,1143,470,765,985,408,181,0,84,1520,1141,816,554,539,400,24780
"Greenville, OH Micro Area",167,174,47,86,60,38,0,0,7,242,118,137,64,92,27,24820
"Greenville-Anderson, SC Metro Area",7074,4131,2205,3512,3166,1959,629,723,659,5840,5102,2945,2684,2745,1695,24860
"Greenwood, MS Micro Area",71,73,41,37,11,9,0,0,0,239,147,155,306,74,108,24900
"Greenwood, SC Micro Area",501,178,201,75,118,119,0,0,0,490,199,188,64,128,69,24940
"Grenada, MS Micro Area",27,111,56,90,18,8,0,0,0,91,111,46,37,24,53,24980
"Guayama, PR Metro Area",,,,,,,,,,,,,,,,25020
"Gulfport-Biloxi, MS Metro Area",1322,2247,923,2984,1715,1133,191,228,91,1741,1959,1089,2575,1958,1635,25060
"Guymon, OK Micro Area",49,45,7,96,9,39,0,59,36,127,90,73,120,55,56,25100
"Hagerstown-Martinsburg, MD-WV Metro Area",1300,1250,787,972,1180,761,282,32,104,884,853,348,1153,1084,755,25180
"Hailey, ID Micro Area",60,59,12,190,81,60,85,0,0,76,13,19,51,67,84,25200
"Hammond, LA Metro Area",966,666,462,145,211,62,8,7,55,493,656,756,189,131,163,25220
"Hanford-Corcoran, CA Metro Area",1261,1264,1089,585,653,256,24,91,37,670,1164,663,473,571,467,25260
"Hannibal, MO Micro Area",263,323,146,112,69,22,0,0,8,364,292,122,129,83,33,25300
"Harrisburg-Carlisle, PA Metro Area",4246,3686,2777,1151,1724,1435,273,306,266,3396,3065,2354,1848,1278,1242,25420
"Harrison, AR Micro Area",254,228,69,191,112,67,0,0,14,252,140,73,28,115,107,25460
"Harrisonburg, VA Metro Area",2835,1319,550,854,357,290,211,54,26,2454,1365,710,618,278,285,25500
"Hartford-East Hartford-Middletown, CT Metro Area",6277,5054,2914,4865,3411,2138,1288,1357,1114,5158,4203,2572,4664,4404,3259,25540
"Hastings, NE Micro Area",127,143,173,44,90,12,22,1,0,302,421,75,93,53,80,25580
"Hattiesburg, MS Metro Area",2826,1478,1015,731,784,239,116,62,16,2586,1305,1182,704,599,529,25620
"Hays, KS Micro Area",476,155,34,379,212,111,36,0,34,392,205,127,217,127,62,25700
"Heber, UT Micro Area",670,309,249,257,358,104,110,104,29,890,377,214,380,303,263,25720
"Helena, MT Micro Area",373,428,185,309,273,306,43,36,11,434,339,172,347,134,148,25740
"Helena-West Helena, AR Micro Area",96,27,13,12,0,0,0,0,0,200,13,81,0,90,62,25760
"Henderson, NC Micro Area",253,224,55,40,39,6,48,61,0,165,261,74,73,61,50,25780
"Hereford, TX Micro Area",30,104,18,0,8,27,0,0,0,151,248,158,21,69,7,25820
"Hermiston-Pendleton, OR Micro Area",518,350,354,390,331,346,103,92,5,401,267,214,241,280,140,25840
"Hickory-Lenoir-Morganton, NC Metro Area",2078,2027,1275,470,578,644,108,30,67,2190,2058,1098,577,520,271,25860
"Hillsdale, MI Micro Area",183,87,178,98,128,31,2,4,5,396,255,138,237,75,24,25880
"Hilo, HI Micro Area",193,192,133,436,571,589,158,163,118,372,489,276,643,757,505,25900
"Hilton Head Island-Bluffton, SC Metro Area",708,628,402,1690,1328,965,214,87,93,494,420,430,1895,1354,753,25940
"Hinesville, GA Metro Area",692,831,246,1910,845,598,392,323,146,955,903,357,1153,1143,706,25980
"Hobbs, NM Micro Area",151,202,110,313,282,133,0,0,34,131,211,116,342,347,243,26020
"Holland, MI Micro Area",450,631,460,89,32,66,9,8,26,1310,603,300,330,58,131,26090
"Homosassa Springs, FL Metro Area",543,302,358,105,157,184,6,17,139,572,632,214,233,120,229,26140
"Hood River, OR Micro Area",29,71,65,53,81,123,34,28,22,56,173,98,159,155,70,26220
"Hope, AR Micro Area",131,93,66,228,54,82,0,0,10,201,128,26,14,42,18,26260
"Hot Springs, AR Metro Area",510,437,136,204,391,143,0,9,15,550,498,337,150,133,163,26300
"Houghton, MI Micro Area",693,134,61,284,38,43,101,30,56,541,196,24,338,146,50,26340
"Houma-Thibodaux, LA Metro Area",988,1709,755,231,399,189,27,178,288,1161,1586,595,304,218,213,26380
"Houston-The Woodlands-Sugar Land, TX Metro Area",26419,31286,22493,13682,17376,13403,5754,8322,8323,27564,28187,21829,11554,12115,9762,26420
"Hudson, NY Micro Area",139,361,107,87,216,37,16,89,22,292,380,142,80,16,74,26460
"Huntingdon, PA Micro Area",289,272,190,88,36,36,19,0,0,209,105,171,131,23,0,26500
"Huntington, IN Micro Area",170,262,97,157,41,3,29,23,0,358,209,14,103,43,33,26540
"Huntington-Ashland, WV-KY-OH Metro Area",1464,1371,849,1061,896,703,86,107,53,1416,1529,1014,1185,1371,989,26580
"Huntsville, AL Metro Area",2649,2296,1494,1704,1821,1339,248,348,107,2177,1468,1113,2053,2112,1021,26620
"Huntsville, TX Micro Area",1554,336,483,105,160,224,77,3,73,1426,1138,834,88,105,12,26660
"Huron, SD Micro Area",208,47,56,0,42,5,13,0,0,161,113,44,114,98,33,26700
"Hutchinson, KS Micro Area",521,432,266,263,227,63,41,10,0,507,290,171,132,74,62,26740
"Hutchinson, MN Micro Area",266,176,187,44,50,41,15,4,0,527,216,125,153,37,8,26780
"Idaho Falls, ID Metro Area",1002,940,425,728,756,449,90,98,43,993,692,442,840,442,215,26820
"Indiana, PA Micro Area",2900,380,179,292,80,116,126,56,5,674,388,279,106,150,83,26860
"Indianapolis-Carmel-Anderson, IN Metro Area",14094,13426,8328,5082,6178,4397,910,1048,1065,13351,12575,8805,6006,6335,3866,26900
"Indianola, MS Micro Area",317,173,217,24,4,35,0,0,0,284,299,233,87,10,34,26940
"Iowa City, IA Metro Area",2312,1130,483,1755,1274,572,266,298,375,1522,1089,910,1332,1877,864,26980
"Iron Mountain, MI-WI Micro Area",119,24,33,63,50,99,0,7,0,119,58,3,38,41,33,27020
"Ithaca, NY Metro Area",1259,283,411,1805,690,494,710,399,280,1375,736,261,1402,1038,568,27060
"Jackson, MI Metro Area",773,1151,765,251,250,212,13,69,29,1137,693,689,268,206,78,27100
"Jackson, MS Metro Area",3678,3344,2678,1314,1599,993,213,202,73,2746,3200,2140,1656,2070,1658,27140
"Jackson, OH Micro Area",128,120,137,0,20,32,0,11,14,111,157,115,50,21,0,27160
"Jackson, TN Metro Area",1085,507,547,246,180,135,89,8,0,981,664,510,388,535,163,27180
"Jackson, WY-ID Micro Area",151,99,88,577,631,388,188,227,0,71,116,4,208,397,311,27220
"Jacksonville, FL Metro Area",6279,7806,4663,5917,6512,4874,852,1525,1520,4845,7068,4324,4461,6507,3829,27260
"Jacksonville, IL Micro Area",492,296,253,153,22,14,6,0,0,224,164,153,221,239,114,27300
"Jacksonville, NC Metro Area",1382,741,896,8052,2736,1403,1566,406,232,1344,1182,483,5538,2904,2151,27340
"Jacksonville, TX Micro Area",281,397,299,9,41,33,7,25,0,264,154,101,105,61,63,27380
"Jamestown, ND Micro Area",186,165,93,172,30,98,23,4,32,158,101,36,141,245,56,27420
"Jamestown-Dunkirk-Fredonia, NY Micro Area",764,462,473,143,197,223,59,0,15,451,340,207,471,199,69,27460
"Janesville-Beloit, WI Metro Area",435,336,300,538,383,245,33,26,29,787,560,210,414,221,257,27500
"Jasper, AL Micro Area",340,465,226,59,54,51,0,34,0,233,65,233,109,83,9,27530
"Jasper, IN Micro Area",402,158,85,0,19,25,0,0,0,568,171,124,179,150,111,27540
"Jayuya, PR Micro Area",,,,,,,,,,,,,,,,27580
"Jefferson, GA Micro Area",198,541,386,75,45,11,36,0,33,241,323,257,97,113,22,27600
"Jefferson City, MO Metro Area",1360,1297,1269,165,263,254,0,9,184,1227,980,978,419,287,182,27620
"Jennings, LA Micro Area",122,255,114,0,45,6,0,0,0,189,105,163,0,28,40,27660
"Jesup, GA Micro Area",100,67,65,32,151,38,4,0,0,175,81,93,74,87,56,27700
"Johnson City, TN Metro Area",1852,941,571,819,779,600,64,146,88,1242,1540,631,586,749,404,27740
"Johnstown, PA Metro Area",669,276,219,237,172,157,62,42,33,972,514,304,134,118,79,27780
"Jonesboro, AR Metro Area",838,960,931,311,295,293,133,112,0,948,1035,718,478,406,311,27860
"Joplin, MO Metro Area",886,731,373,757,717,495,0,89,19,1004,708,398,602,438,636,27900
"Juneau, AK Micro Area",144,79,97,100,230,171,108,1,81,107,52,88,236,336,228,27940
"Kahului-Wailuku-Lahaina, HI Metro Area",185,291,200,623,460,502,38,177,205,177,99,73,771,280,690,27980
"Aberdeen, SD Micro Area",85,139,73,97,280,46,48,18,46,360,211,54,236,139,52,10100
"Aberdeen, WA Micro Area",415,508,394,206,94,157,0,0,0,332,423,304,86,209,95,10140
"Abilene, TX Metro Area",2661,1362,1082,755,571,409,182,178,70,1792,1365,750,545,461,184,10180
"Ada, OK Micro Area",362,162,138,52,60,67,14,0,0,297,194,64,218,78,15,10220
"Adrian, MI Micro Area",531,613,351,232,211,122,31,27,10,518,448,212,142,239,180,10300
"Aguadilla-Isabela, PR Metro Area",,,,,,,,,,,,,,,,10380
"Akron, OH Metro Area",5037,3924,1816,1256,1172,1098,379,398,193,4296,4108,1998,2116,1899,1031,10420
"Alamogordo, NM Micro Area",104,123,175,698,826,368,449,496,305,296,213,197,480,723,439,10460
"Albany, GA Metro Area",1295,1015,588,432,358,137,6,5,11,1057,947,510,448,170,571,10500
"Albany-Lebanon, OR Metro Area",630,1132,740,443,209,121,0,0,97,930,945,303,395,240,187,10540
"Albany-Schenectady-Troy, NY Metro Area",7915,4772,3955,3310,2424,1265,631,1009,485,6306,4737,3697,3589,2964,1734,10580
"Albemarle, NC Micro Area",216,357,181,99,120,93,7,6,0,283,332,72,51,17,19,10620
"Albert Lea, MN Micro Area",78,108,137,40,64,11,15,2,27,128,183,107,177,24,9,10660
"Albertville, AL Micro Area",405,353,440,79,294,57,44,7,18,589,394,297,168,315,138,10700
"Albuquerque, NM Metro Area",2782,2393,1797,2385,2973,2483,645,693,559,2445,2736,2261,3313,3827,3033,10740
"Alexander City, AL Micro Area",254,258,158,51,66,62,19,0,0,226,267,56,103,137,34,10760
"Alexandria, LA Metro Area",664,589,534,209,405,453,30,29,51,774,733,565,251,454,351,10780
"Alexandria, MN Micro Area",401,179,95,7,87,34,37,0,0,307,94,87,141,278,8,10820
"Alice, TX Micro Area",105,231,227,0,6,16,0,101,64,269,399,303,1,36,0,10860
"Allentown-Bethlehem-Easton, PA-NJ Metro Area",3989,3800,2382,1884,2327,2173,486,542,303,4543,3576,2382,2507,2082,1465,10900
"Alma, MI Micro Area",283,363,207,73,22,10,13,4,6,378,256,191,51,72,26,10940
"Alpena, MI Micro Area",192,156,46,15,24,19,0,0,18,339,247,110,48,125,95,10980
"Altoona, PA Metro Area",579,562,306,90,203,82,3,14,66,697,434,299,261,150,191,11020
"Altus, OK Micro Area",217,88,76,280,364,252,0,0,36,271,24,19,118,326,262,11060
"Amarillo, TX Metro Area",2418,2297,1733,534,594,495,83,142,128,2896,2413,1877,735,519,525,11100
"Americus, GA Micro Area",405,218,121,30,0,57,8,21,0,273,160,216,47,130,10,11140
"Ames, IA Metro Area",2626,583,268,1268,416,310,298,180,81,2781,1136,601,1853,959,433,11180
"Amsterdam, NY Micro Area",186,306,85,58,76,114,73,6,53,263,248,125,73,6,35,11220
"Anchorage, AK Metro Area",958,1340,1518,2803,2347,2086,486,370,294,1072,1299,1412,2643,2854,2583,11260
"Andrews, TX Micro Area",118,186,65,38,44,17,12,0,0,134,120,72,32,30,12,11380
"Angola, IN Micro Area",240,119,36,163,49,38,0,0,0,261,200,117,148,75,27,11420
"Ann Arbor, MI Metro Area",5111,2709,1370,3826,2058,1592,1837,653,741,2978,2952,1627,3421,3446,1666,11460
"Anniston-Oxford, AL Metro Area",539,592,224,305,340,183,12,11,32,887,640,369,398,320,195,11500
"Appleton, WI Metro Area",1850,1534,876,378,268,239,46,30,23,2446,1731,1019,716,331,280,11540
"Arcadia, FL Micro Area",197,283,286,0,41,11,108,65,191,61,192,112,40,25,21,11580
"Ardmore, OK Micro Area",150,245,102,100,121,47,42,19,41,457,231,243,158,368,127,11620
"Arecibo, PR Metro Area",,,,,,,,,,,,,,,,11640
"Arkadelphia, AR Micro Area",421,129,18,124,53,0,14,6,0,485,164,58,128,49,0,11660
"Asheville, NC Metro Area",1923,1906,1490,1511,1180,1794,147,171,148,1708,1900,1580,1001,1544,853,11700
"Ashland, OH Micro Area",596,230,194,26,25,0,35,14,7,316,276,209,162,69,0,11740
"Ashtabula, OH Micro Area",228,217,286,156,55,122,12,0,0,641,607,316,116,89,31,11780
"Astoria, OR Micro Area",299,91,107,212,222,230,0,0,0,151,182,64,308,245,390,11820
"Atchison, KS Micro Area",92,119,8,221,40,25,0,0,0,146,55,15,360,20,27,11860
"Athens, OH Micro Area",3183,321,256,315,405,115,126,80,73,1155,445,222,447,372,223,11900
"Athens, TN Micro Area",360,368,133,92,111,120,2,0,0,321,281,43,76,25,23,11940
"Athens, TX Micro Area",280,583,266,62,37,117,7,3,0,346,379,427,108,301,22,11980
"Baton Rouge, LA Metro Area",4690,4375,2999,2369,2290,1300,293,183,585,3931,4536,3297,2389,2251,2003,12940
"Battle Creek, MI Metro Area",554,785,442,296,217,254,42,20,17,668,588,370,247,175,338,12980
"Athens-Clarke County, GA Metro Area",4337,1349,1121,1239,930,569,182,256,101,2872,1867,721,962,1152,759,12020
"Atlanta-Sandy Springs-Alpharetta, GA Metro Area",37259,42818,29036,19288,21325,16976,3263,5110,4969,38070,42356,29866,15758,19310,13231,12060
"Atlantic City-Hammonton, NJ Metro Area",857,714,522,366,429,429,273,191,48,826,816,602,970,588,311,12100
"Atmore, AL Micro Area",71,32,65,77,68,24,0,0,0,184,218,104,77,30,33,12120
"Auburn, IN Micro Area",147,280,66,66,14,47,8,0,0,283,147,143,89,27,29,12140
"Auburn, NY Micro Area",387,462,520,66,61,68,25,6,18,523,562,274,291,78,37,12180
"Auburn-Opelika, AL Metro Area",1744,410,523,1916,1000,612,185,99,48,1230,1130,388,1832,1164,898,12220
"Augusta-Richmond County, GA-SC Metro Area",2654,2801,1717,2821,2646,1920,235,523,443,2691,2875,1784,2240,2811,2206,12260
"Augusta-Waterville, ME Micro Area",798,579,355,217,122,236,43,54,0,557,536,264,434,133,63,12300
"Austin, MN Micro Area",147,228,89,155,68,95,14,47,23,291,232,190,88,35,25,12380
"Austin-Round Rock-Georgetown, TX Metro Area",17785,17542,10984,7084,10926,8004,1596,3369,2016,14873,16257,10363,6132,7846,4529,12420
"Bainbridge, GA Micro Area",194,280,156,20,110,55,0,0,0,195,155,27,111,35,65,12460
"Bakersfield, CA Metro Area",3546,4451,3449,1197,1659,824,389,435,495,3048,3043,2248,1186,1612,1131,12540
"Baltimore-Columbia-Towson, MD Metro Area",12058,14808,12701,9282,9314,8184,1516,2210,1626,12195,14852,12497,12459,11580,7906,12580
"Bangor, ME Metro Area",905,517,344,710,656,276,41,64,56,949,608,292,618,414,186,12620
"Baraboo, WI Micro Area",649,314,166,153,154,96,8,32,12,470,280,140,123,84,51,12660
"Bardstown, KY Micro Area",335,302,134,25,10,0,0,0,0,179,153,226,124,71,4,12680
"Barnstable Town, MA Metro Area",270,409,365,596,395,180,111,208,80,746,991,620,549,520,299,12700
"Barre, VT Micro Area",122,196,183,296,155,160,6,35,31,350,164,116,320,434,265,12740
"Bartlesville, OK Micro Area",246,162,140,210,220,212,27,30,17,438,109,162,34,202,57,12780
"Batavia, NY Micro Area",279,372,226,113,68,43,1,0,4,349,334,176,135,118,53,12860
"Batesville, AR Micro Area",267,304,254,68,103,94,0,0,0,362,200,219,106,225,88,12900
"Bay City, MI Metro Area",627,515,193,38,143,23,12,19,17,644,563,302,150,89,111,13020
"Bay City, TX Micro Area",116,53,106,11,81,73,0,0,29,262,103,27,60,7,29,13060
"Beatrice, NE Micro Area",149,131,40,54,0,27,0,0,0,161,77,42,101,118,0,13100
"Beaumont-Port Arthur, TX Metro Area",2064,2429,1871,628,809,452,137,169,103,2269,2551,1967,465,690,561,13140
"Beaver Dam, WI Micro Area",498,684,358,171,171,140,0,71,20,766,603,594,154,62,29,13180
"Beckley, WV Metro Area",436,422,361,220,269,156,6,62,0,661,453,492,503,270,162,13220
"Bedford, IN Micro Area",91,76,59,10,72,13,0,31,2,417,133,129,119,85,22,13260
"Beeville, TX Micro Area",367,453,374,65,1,37,9,5,0,458,326,345,41,9,22,13300
"Bellefontaine, OH Micro Area",143,124,176,144,120,59,11,6,6,308,313,164,118,53,14,13340
"Bellingham, WA Metro Area",2287,959,490,1073,908,545,95,135,106,1712,1472,517,834,557,383,13380
"Bemidji, MN Micro Area",873,168,111,171,183,75,0,6,0,546,328,205,177,73,27,13420
"Bend, OR Metro Area",720,780,582,1007,580,634,17,76,83,762,710,458,522,728,765,13460
"Bennettsville, SC Micro Area",26,130,120,51,88,116,27,0,0,82,27,117,92,101,85,13500
"Bennington, VT Micro Area",76,177,19,250,117,75,31,2,3,84,136,35,164,74,110,13540
"Berlin, NH Micro Area",160,106,129,140,157,93,0,0,0,54,82,62,228,51,85,13620
"Big Rapids, MI Micro Area",1410,304,144,114,64,9,22,13,0,592,348,82,39,101,31,13660
"Big Spring, TX Micro Area",203,134,154,10,137,120,93,120,79,166,183,83,27,176,184,13700
"Oshkosh-Neenah, WI Metro Area",2830,1487,785,365,515,230,12,0,32,1821,971,766,351,485,234,36780
"Oskaloosa, IA Micro Area",181,76,24,49,51,4,5,6,0,180,278,104,163,33,114,36820
"Othello, WA Micro Area",101,120,138,4,25,2,59,37,59,461,251,212,22,0,2,36830
"Ottawa, IL Micro Area",782,675,554,301,325,88,0,0,17,1083,695,291,424,329,92,36837
"Ottawa, KS Micro Area",149,102,60,54,74,13,0,0,13,225,263,188,39,14,13,36840
"Ottumwa, IA Micro Area",109,160,113,70,59,30,50,19,0,267,247,105,123,90,113,36900
"Owatonna, MN Micro Area",376,255,80,69,78,107,0,0,0,403,168,92,129,310,36,36940
"Owensboro, KY Metro Area",612,385,220,281,258,189,49,65,29,670,418,302,361,370,185,36980
"Oak Harbor, WA Micro Area",442,321,398,913,925,262,20,94,62,809,387,409,858,559,259,36020
"Ocala, FL Metro Area",1146,1584,1043,852,674,523,106,19,91,1267,1425,959,515,454,329,36100
"Ocean City, NJ Metro Area",265,184,96,478,455,124,21,32,0,248,263,68,356,454,71,36140
"Odessa, TX Metro Area",965,966,602,240,439,394,53,122,69,1264,1740,1091,122,97,255,36220
"Ogden-Clearfield, UT Metro Area",4388,4747,3174,2005,2346,1265,1104,385,168,5253,3961,2468,1840,2025,997,36260
"Ogdensburg-Massena, NY Micro Area",674,539,357,232,143,100,78,10,28,625,380,182,359,272,171,36300
"Oil City, PA Micro Area",180,224,126,47,57,39,0,0,0,289,258,82,47,27,32,36340
"Okeechobee, FL Micro Area",129,145,141,93,15,71,2,8,0,168,219,80,181,23,37,36380
"Oklahoma City, OK Metro Area",10831,8576,4970,5198,4084,3612,1121,837,746,9883,7715,4646,5943,5220,3210,36420
"Olean, NY Micro Area",365,232,122,122,142,93,31,10,11,293,334,256,172,145,94,36460
"Olympia-Lacey-Tumwater, WA Metro Area",1541,2222,1211,1252,2044,988,211,305,399,1629,1430,1157,1269,1170,1113,36500
"Omaha-Council Bluffs, NE-IA Metro Area",4792,4321,2615,4263,4101,2450,675,727,500,5053,4233,2555,4311,4694,3185,36540
"Oxford, MS Micro Area",900,184,308,871,328,149,23,47,25,551,402,155,695,674,112,37060
"Oxnard-Thousand Oaks-Ventura, CA Metro Area",2759,1919,2203,1081,1137,951,512,455,432,3186,3050,1535,1933,1665,1083,37100
"Ozark, AL Micro Area",232,227,172,429,765,459,86,44,0,540,356,153,328,326,397,37120
"Paducah, KY-IL Micro Area",303,245,194,269,203,143,0,20,0,499,466,195,443,308,294,37140
"Pahrump, NV Micro Area",210,90,282,49,158,83,0,0,20,125,133,106,155,198,45,37220
"Palatka, FL Micro Area",212,233,203,120,44,134,0,3,16,252,345,276,10,22,70,37260
"Palestine, TX Micro Area",572,815,906,19,4,5,0,0,0,494,611,467,26,72,33,37300
"Palm Bay-Melbourne-Titusville, FL Metro Area",1286,1974,834,1649,1928,1652,739,219,655,1663,1020,899,1604,1458,992,37340
"Pampa, TX Micro Area",154,169,116,29,38,70,0,0,0,176,208,188,69,46,15,37420
"Panama City, FL Metro Area",523,560,393,1233,889,837,91,186,49,904,1300,659,926,1076,912,37460
"Paragould, AR Micro Area",278,249,150,202,198,65,0,0,0,204,182,208,92,61,89,37500
"Paris, TN Micro Area",146,131,25,24,94,16,1,0,1,293,65,75,96,77,37,37540
"Paris, TX Micro Area",375,234,88,48,159,23,0,4,0,179,223,224,92,91,56,37580
"Parkersburg-Vienna, WV Metro Area",293,246,148,316,146,72,15,10,0,221,286,69,374,319,191,37620
"Parsons, KS Micro Area",16,49,64,17,80,56,0,0,0,60,89,42,81,79,27,37660
"Payson, AZ Micro Area",233,250,240,84,17,49,6,0,4,330,253,208,25,68,26,37740
"Pearsall, TX Micro Area",316,250,148,9,0,14,502,362,231,111,201,72,1,9,0,37770
"Pecos, TX Micro Area",0,94,13,16,47,109,117,81,55,27,161,22,8,22,21,37780
"Pella, IA Micro Area",338,302,103,70,257,118,50,0,0,356,178,66,158,78,37,37800
"Pensacola-Ferry Pass-Brent, FL Metro Area",2830,2772,1718,5563,4244,1968,249,341,232,2967,2265,1627,4334,3880,2091,37860
"Peoria, IL Metro Area",1964,2268,1352,641,660,552,174,131,97,2338,1912,1234,1549,1177,1024,37900
"Peru, IN Micro Area",221,287,324,91,35,51,0,0,0,308,394,259,18,12,18,37940
"Philadelphia-Camden-Wilmington, PA-NJ-DE-MD Metro Area",21610,23993,16756,19552,22538,15202,3565,4738,4001,21786,23111,15606,21529,25423,15403,37980
"Phoenix-Mesa-Chandler, AZ Metro Area",8859,8017,5571,17666,19644,14525,3773,4150,2581,8627,7399,5660,13829,14967,10957,38060
"Picayune, MS Micro Area",64,88,126,201,212,303,0,0,0,102,65,20,149,141,149,38100
"Pierre, SD Micro Area",235,241,174,81,124,35,0,0,0,212,213,110,35,15,41,38180
"Pine Bluff, AR Metro Area",809,756,586,196,119,123,11,13,0,416,525,448,158,194,250,38220
"Pinehurst-Southern Pines, NC Micro Area",361,350,420,227,330,327,0,39,42,314,428,200,285,247,392,38240
"Pittsburg, KS Micro Area",608,88,34,524,179,142,429,11,0,207,113,78,323,100,95,38260
"Pittsburgh, PA Metro Area",9448,8418,5351,6202,7137,4461,1865,1486,1082,10429,8349,5620,8707,8657,5276,38300
"Pittsfield, MA Metro Area",150,292,80,352,391,252,146,41,42,474,267,150,605,460,176,38340
"Plainview, TX Micro Area",470,250,276,28,57,42,0,0,51,203,388,216,32,43,0,38380
"Platteville, WI Micro Area",1086,198,61,379,96,65,13,8,0,499,220,230,262,156,12,38420
"Plattsburgh, NY Micro Area",1125,655,366,349,183,45,82,18,11,383,420,287,222,16,21,38460
"Plymouth, IN Micro Area",203,145,187,70,24,66,0,0,9,459,293,130,138,129,33,38500
"Pocatello, ID Metro Area",463,543,278,412,456,365,127,44,12,682,408,386,428,378,175,38540
"Point Pleasant, WV-OH Micro Area",137,262,129,165,45,68,0,4,0,136,204,88,81,42,98,38580
"Ponca City, OK Micro Area",218,241,148,108,199,193,4,4,0,211,153,189,85,80,116,38620
"Ponce, PR Metro Area",,,,,,,,,,,,,,,,38660
"Pontiac, IL Micro Area",318,278,208,0,6,11,0,0,13,368,224,233,130,172,0,38700
"Poplar Bluff, MO Micro Area",114,261,132,48,60,246,0,0,0,304,287,98,112,99,116,38740
"Portales, NM Micro Area",413,29,66,162,48,30,21,49,58,279,140,31,53,55,96,38780
"Port Angeles, WA Micro Area",135,196,56,206,420,226,63,28,0,467,161,124,295,175,191,38820
"Portland-South Portland, ME Metro Area",2042,2403,994,2183,2834,1816,171,282,242,2126,1558,1338,2674,2060,1443,38860
"Portland-Vancouver-Hillsboro, OR-WA Metro Area",10203,12293,7733,12203,15954,11158,1641,2423,2009,10831,11300,8438,8939,11591,9267,38900
"Port Lavaca, TX Micro Area",19,112,130,16,48,0,9,27,0,32,15,11,22,16,93,38920
"Port St. Lucie, FL Metro Area",1949,2578,1657,688,1018,731,171,102,219,1709,1751,1108,948,948,306,38940
"Portsmouth, OH Micro Area",415,356,376,148,130,150,13,0,12,379,459,206,340,91,126,39020
"Pottsville, PA Micro Area",290,396,248,191,160,64,3,2,0,1036,543,320,198,245,138,39060
"Poughkeepsie-Newburgh-Middletown, NY Metro Area",2001,2485,2217,1599,716,895,364,284,202,3117,2718,1663,2571,1959,1346,39100
"Prescott Valley-Prescott, AZ Metro Area",605,587,656,673,690,432,33,56,7,559,791,406,504,601,503,39150
"Price, UT Micro Area",157,79,95,78,58,10,4,0,0,231,67,7,61,35,30,39220
"Prineville, OR Micro Area",84,139,64,149,16,29,0,28,0,261,217,105,90,41,8,39260
"Providence-Warwick, RI-MA Metro Area",4188,4543,3646,6248,5830,4301,1143,1284,704,3845,3771,2954,6961,5916,4140,39300
"Provo-Orem, UT Metro Area",5433,2646,1494,8093,3052,1488,4035,306,249,3916,3276,1381,3379,4776,1715,39340
"Pueblo, CO Metro Area",502,679,379,616,340,407,96,22,0,784,767,515,486,322,397,39380
"Pullman, WA Micro Area",1862,393,109,543,620,255,319,180,64,1297,729,107,606,527,203,39420
"Punta Gorda, FL Metro Area",217,510,446,361,475,479,0,15,1,546,686,407,299,435,201,39460
"Quincy, IL-MO Micro Area",286,117,98,169,189,168,19,0,9,317,371,217,323,75,81,39500
"Racine, WI Metro Area",940,759,817,356,331,258,0,65,3,794,774,591,299,318,243,39540
"Raleigh-Cary, NC Metro Area",7762,6953,5098,3984,5560,4765,926,1327,1264,7191,5399,4060,3878,4664,2650,39580
"Rapid City, SD Metro Area",1226,736,618,1150,822,349,118,140,68,1169,619,460,945,943,453,39660
"Raymondville, TX Micro Area",245,296,11,55,0,0,18,41,0,205,67,129,31,0,75,39700
"Reading, PA Metro Area",1918,1730,1000,695,674,467,190,348,118,1622,1619,1010,953,628,409,39740
"Red Bluff, CA Micro Area",448,358,231,136,57,5,18,0,7,167,233,274,158,80,11,39780
"Redding, CA Metro Area",876,628,567,366,118,201,139,102,82,872,762,585,357,388,317,39820
"Red Wing, MN Micro Area",169,306,155,211,79,75,37,12,27,322,128,174,217,159,47,39860
"Reno, NV Metro Area",1562,835,446,2050,2809,1740,416,275,220,894,859,616,1932,2126,1301,39900
"Rexburg, ID Micro Area",845,312,103,2586,426,124,612,28,0,661,551,253,1892,1847,246,39940
"Richmond, IN Micro Area",215,51,110,204,331,138,51,0,3,334,240,23,324,176,83,39980
"Rockford, IL Metro Area",1355,1146,930,601,538,408,116,42,155,1142,806,629,1118,818,508,40420
"Rockingham, NC Micro Area",210,244,174,75,61,8,1,50,0,421,287,95,43,21,101,40460
"Rockport, TX Micro Area",167,254,116,142,0,0,263,1,0,183,331,106,0,3,13,40530
"Rock Springs, WY Micro Area",39,95,119,225,268,120,5,0,16,101,85,84,121,282,211,40540
"Rocky Mount, NC Metro Area",844,1008,576,307,311,155,35,43,1,1217,1111,661,195,149,127,40580
"Rolla, MO Micro Area",901,332,85,224,115,184,125,62,28,733,395,202,367,259,46,40620
"Rome, GA Metro Area",551,390,227,305,161,158,48,21,0,558,463,401,208,70,60,40660
"Roseburg, OR Micro Area",341,493,165,312,404,340,0,0,6,685,168,371,373,200,80,40700
"Roswell, NM Micro Area",280,136,170,146,96,219,6,20,7,184,111,105,221,228,86,40740
"Ruidoso, NM Micro Area",8,175,39,82,8,0,5,0,6,117,12,42,97,3,33,40760
"Russellville, AR Micro Area",1306,494,191,145,96,185,42,61,5,727,526,228,222,141,140,40780
"Ruston, LA Micro Area",593,136,79,260,74,37,80,0,32,367,335,121,385,293,126,40820
"Rutland, VT Micro Area",145,57,32,212,104,174,9,29,0,133,213,78,406,216,123,40860
"Sacramento-Roseville-Folsom, CA Metro Area",16233,14570,10157,3881,4778,3035,2034,1987,1592,12848,12625,7701,5344,4313,3680,40900
"Safford, AZ Micro Area",265,536,339,144,106,47,28,70,9,569,187,229,148,37,77,40940
"Saginaw, MI Metro Area",1347,737,479,209,212,134,93,22,9,1816,953,576,257,332,87,40980
"Richmond, VA Metro Area",10392,12368,7429,3231,4516,3341,774,1140,918,10468,11546,6638,3911,4587,2383,40060
"Richmond-Berea, KY Micro Area",1784,534,473,555,138,143,14,45,9,1188,766,288,469,338,44,40080
"Rio Grande City-Roma, TX Micro Area",131,114,102,0,0,11,31,27,54,280,213,134,41,47,79,40100
"Riverside-San Bernardino-Ontario, CA Metro Area",18894,23471,17173,5951,6165,4941,2306,2290,1816,15709,16909,12310,9706,8137,5335,40140
"Riverton, WY Micro Area",116,114,81,118,210,146,5,16,0,155,104,106,135,46,45,40180
"Roanoke, VA Metro Area",2157,2547,1242,701,689,488,194,75,91,1999,2592,1601,842,1357,640,40220
"Roanoke Rapids, NC Micro Area",204,448,185,47,140,50,0,0,1,389,355,174,97,209,58,40260
"Rochelle, IL Micro Area",289,160,163,130,93,46,1,10,12,366,266,151,210,162,80,40300
"Rochester, MN Metro Area",1283,964,615,1241,744,646,98,135,263,1436,1265,585,684,686,576,40340
"Rochester, NY Metro Area",7317,4041,2589,3499,1915,1836,1400,1136,403,5954,4166,2462,3810,3287,1643,40380
"St. Cloud, MN Metro Area",3700,1368,965,997,340,246,255,26,26,2568,1799,873,843,231,225,41060
"St. George, UT Metro Area",505,680,166,400,588,367,155,50,44,1133,910,405,599,659,521,41100
"St. Joseph, MO-KS Metro Area",994,945,841,378,242,113,138,63,0,808,727,678,355,420,340,41140
"St. Louis, MO-IL Metro Area",12982,14569,9992,9109,9312,7414,1741,1268,1069,13274,14534,9816,10235,10683,7350,41180
"St. Marys, GA Micro Area",299,678,116,810,693,276,43,9,8,175,150,35,589,875,669,41220
"St. Marys, PA Micro Area",34,41,42,26,42,16,0,0,0,112,88,22,63,71,8,41260
"Salem, OH Micro Area",277,136,116,105,188,191,0,0,26,508,463,217,404,185,288,41400
"Salem, OR Metro Area",3112,2481,1817,1432,1026,591,215,188,109,3732,2439,1752,852,910,678,41420
"Salina, KS Micro Area",490,314,118,410,18,189,39,0,19,525,257,184,119,174,48,41460
"Salinas, CA Metro Area",1925,1912,1472,1597,1460,1007,464,441,397,2179,1717,1092,1354,1406,1035,41500
"Salisbury, MD-DE Metro Area",1772,1253,794,1017,1278,851,195,52,71,1253,1135,571,1384,1713,717,41540
"Salt Lake City, UT Metro Area",6057,5501,2208,5293,6020,3998,1893,1132,943,5190,4464,3006,4702,5058,3720,41620
"San Angelo, TX Metro Area",953,562,296,1000,444,322,50,40,40,901,921,587,536,247,174,41660
"San Antonio-New Braunfels, TX Metro Area",10847,10210,7199,6352,6754,5781,1891,2057,1603,11070,10324,8247,7205,5574,4586,41700
"San Diego-Chula Vista-Carlsbad, CA Metro Area",9481,9339,5089,13381,13559,9175,5723,6261,4192,11009,10138,6339,15293,15074,9758,41740
"Sandpoint, ID Micro Area",75,102,93,235,169,174,20,24,0,177,146,72,200,152,103,41760
"Sandusky, OH Micro Area",324,247,287,97,173,92,23,0,0,413,327,239,90,122,89,41780
"Sanford, NC Micro Area",374,363,234,71,47,34,1,86,34,252,141,251,131,222,233,41820
"San Francisco-Oakland-Berkeley, CA Metro Area",24990,33383,25309,10460,16300,9768,6716,8258,7997,24379,33223,28558,10063,12834,11130,41860
"San Germán, PR Metro Area",,,,,,,,,,,,,,,,41900
"San Jose-Sunnyvale-Santa Clara, CA Metro Area",8436,10096,6930,6074,8061,5374,3180,5589,4478,9281,11794,8473,4243,4625,4261,41940
"San Juan-Bayamón-Caguas, PR Metro Area",,,,,,,,,,,,,,,,41980
"Sayre, PA Micro Area",217,68,89,174,91,149,4,0,11,277,183,131,138,249,129,42380
"Scottsbluff, NE Micro Area",100,94,102,312,66,148,3,0,0,238,112,45,168,85,153,42420
"Scottsboro, AL Micro Area",41,64,41,24,96,116,0,0,0,343,63,185,133,30,0,42460
"Scottsburg, IN Micro Area",148,128,101,35,0,16,0,0,0,182,80,45,94,19,0,42500
"Scranton--Wilkes-Barre, PA Metro Area",1904,1447,1228,1732,1321,1067,164,253,277,1946,1966,1313,1715,1021,674,42540
"Searcy, AR Micro Area",487,360,234,318,102,90,59,0,0,436,456,189,276,246,183,42620
"Seattle-Tacoma-Bellevue, WA Metro Area",14407,17558,11514,20709,25235,18695,5251,6933,5975,14789,17656,12789,13217,15992,11863,42660
"Sebastian-Vero Beach, FL Metro Area",358,568,177,350,369,346,376,100,8,464,470,199,308,304,201,42680
"Sebring-Avon Park, FL Metro Area",341,319,130,187,62,185,62,91,139,172,314,181,250,211,57,42700
"Sedalia, MO Micro Area",292,187,166,49,56,78,7,0,9,450,145,207,99,181,55,42740
"Selinsgrove, PA Micro Area",103,158,100,65,0,42,10,10,11,222,269,129,128,35,3,42780
"Selma, AL Micro Area",39,115,40,1,34,20,0,0,1,185,329,34,92,37,0,42820
"Seneca, SC Micro Area",497,202,135,273,170,66,0,15,42,545,143,107,138,190,118,42860
"Seneca Falls, NY Micro Area",301,327,298,59,58,66,22,15,26,402,443,135,7,53,17,42900
"Sevierville, TN Micro Area",151,646,148,309,354,216,284,22,0,667,556,226,152,142,188,42940
"Seymour, IN Micro Area",156,302,78,47,3,55,15,6,14,304,159,142,32,16,28,42980
"San Luis Obispo-Paso Robles, CA Metro Area",3247,1546,897,883,600,517,206,78,3,2922,1250,848,1069,771,445,42020
"Santa Cruz-Watsonville, CA Metro Area",2888,1438,832,712,785,205,520,144,84,2642,1920,1211,935,703,354,42100
"Santa Fe, NM Metro Area",285,516,370,186,297,278,22,46,64,311,227,360,327,342,624,42140
"Santa Isabel, PR Micro Area",,,,,,,,,,,,,,,,42180
"Santa Maria-Santa Barbara, CA Metro Area",3969,1464,1062,1529,958,898,1274,625,298,3617,2452,823,1601,1324,1019,42200
"Santa Rosa-Petaluma, CA Metro Area",1911,1882,1841,783,835,583,414,365,73,2219,1628,1406,788,1613,795,42220
"Sault Ste. Marie, MI Micro Area",421,192,341,33,40,46,18,18,6,428,448,197,60,117,86,42300
"Savannah, GA Metro Area",2477,2594,1779,2437,2769,1494,602,373,348,2347,2345,1396,2272,2526,1674,42340
"Shawano, WI Micro Area",279,213,172,16,58,23,10,12,3,577,106,161,29,0,0,43020
"Shawnee, OK Micro Area",430,446,253,185,109,19,5,0,0,546,318,238,156,124,91,43060
"Sheboygan, WI Metro Area",439,330,188,325,164,56,39,81,5,1012,481,300,119,182,19,43100
"Shelby, NC Micro Area",341,319,300,135,210,187,0,7,0,777,348,170,309,105,92,43140
"Shelbyville, TN Micro Area",64,137,174,177,46,96,22,14,29,314,213,202,27,29,213,43180
"Shelton, WA Micro Area",358,477,567,126,193,69,1,85,0,457,585,264,146,54,59,43220
"Sheridan, WY Micro Area",221,48,76,111,146,46,0,16,0,151,77,35,220,206,86,43260
"Sherman-Denison, TX Metro Area",869,600,369,212,370,259,82,94,38,487,468,272,331,376,152,43300
"Show Low, AZ Micro Area",713,657,573,86,367,137,22,23,10,265,600,424,373,202,148,43320
"Shreveport-Bossier City, LA Metro Area",1007,1443,874,1413,888,1044,79,80,181,1434,1591,996,1395,1410,1526,43340
"Sidney, OH Micro Area",281,442,53,51,31,5,1,15,0,324,194,143,0,16,0,43380
"Sierra Vista-Douglas, AZ Metro Area",470,660,506,1101,1051,706,194,115,149,704,786,691,918,687,720,43420
"Sikeston, MO Micro Area",242,179,200,40,69,5,0,35,0,265,276,166,119,20,96,43460
"Silver City, NM Micro Area",17,63,44,67,68,111,2,0,0,41,41,1,123,124,60,43500
"Sioux City, IA-NE-SD Metro Area",576,412,273,737,475,252,99,61,42,684,472,210,848,881,486,43580
"Sioux Falls, SD Metro Area",2811,1907,1062,1387,815,900,159,33,375,2651,1843,1220,1178,886,820,43620
"Snyder, TX Micro Area",93,216,124,0,0,19,0,0,0,306,80,126,46,48,8,43660
"Somerset, KY Micro Area",279,217,102,127,65,167,0,19,23,208,144,205,248,100,196,43700
"Somerset, PA Micro Area",289,255,250,124,76,42,10,0,5,334,234,425,203,56,0,43740
"Sonora, CA Micro Area",561,549,470,31,74,116,18,0,0,426,547,250,61,96,40,43760
"South Bend-Mishawaka, IN-MI Metro Area",1522,1062,490,2076,1211,918,321,366,154,1151,1062,622,1485,1688,956,43780
"Spartanburg, SC Metro Area",1357,1489,1399,641,824,555,195,38,22,1684,1218,658,389,659,504,43900
"Spearfish, SD Micro Area",264,164,81,174,134,65,32,0,0,150,49,56,287,163,94,43940
"Spencer, IA Micro Area",241,99,105,75,30,69,25,0,19,57,98,182,8,42,10,43980
"Spirit Lake, IA Micro Area",98,43,61,14,19,23,59,2,24,165,127,8,133,0,79,44020
"Spokane-Spokane Valley, WA Metro Area",3183,2411,1493,2522,2183,2067,289,506,214,2179,1963,846,1829,1484,1361,44060
"Springfield, IL Metro Area",1041,806,408,348,403,279,63,22,57,923,819,474,582,387,408,44100
"Springfield, MA Metro Area",4778,2110,1526,2658,1916,972,759,423,543,3019,2412,1573,2466,2200,1302,44140
"Springfield, MO Metro Area",4941,2731,1687,1406,1000,880,309,130,56,3467,2679,1789,1798,1319,711,44180
"Springfield, OH Metro Area",733,592,623,264,159,204,87,19,0,642,602,511,261,92,136,44220
"Starkville, MS Micro Area",1418,314,122,278,218,104,105,14,33,851,532,196,753,584,225,44260
"State College, PA Metro Area",4473,1299,377,2320,573,360,329,612,205,1844,1013,418,2111,1152,744,44300
"Statesboro, GA Micro Area",1559,299,289,257,45,171,43,40,43,1472,863,147,364,138,84,44340
"Staunton, VA Metro Area",1021,1130,997,211,197,140,9,6,51,1043,761,714,215,182,68,44420
"Steamboat Springs, CO Micro Area",253,208,121,105,103,86,0,0,0,237,189,55,152,112,117,44460
"Stephenville, TX Micro Area",969,206,172,47,149,51,14,69,0,799,645,190,255,75,16,44500
"Sterling, CO Micro Area",327,194,271,115,123,29,4,49,0,170,193,89,77,41,143,44540
"Sterling, IL Micro Area",217,266,87,139,105,103,0,24,25,340,163,100,233,114,141,44580
"Stevens Point, WI Micro Area",1872,487,151,349,127,49,92,136,19,935,418,203,437,202,8,44620
"Stillwater, OK Micro Area",2963,397,335,1157,316,170,609,211,36,1118,807,421,1110,779,308,44660
"Stockton, CA Metro Area",3090,4351,2640,861,703,872,332,399,167,3198,3090,2059,1353,651,680,44700
"Storm Lake, IA Micro Area",159,26,15,131,25,50,17,0,4,244,22,16,61,65,26,44740
"Sturgis, MI Micro Area",141,270,109,249,177,160,0,20,0,362,234,120,152,256,158,44780
"Sulphur Springs, TX Micro Area",193,99,168,69,52,6,0,20,0,231,218,164,165,19,45,44860
"Summerville, GA Micro Area",114,21,76,20,40,13,22,0,10,195,64,208,36,45,74,44900
"Sumter, SC Metro Area",443,295,269,548,419,462,92,83,51,535,445,294,782,641,327,44940
"Sunbury, PA Micro Area",430,417,441,57,185,108,0,25,18,361,582,447,215,71,22,44980
"Susanville, CA Micro Area",1169,1179,765,109,158,66,15,28,13,441,395,315,77,115,24,45000
"Sweetwater, TX Micro Area",119,103,82,29,37,41,60,0,0,219,45,39,36,0,10,45020
"Syracuse, NY Metro Area",2946,2422,1400,1619,849,782,815,535,436,3751,2955,1661,2569,2228,1207,45060
"Tahlequah, OK Micro Area",715,235,159,120,45,93,0,7,0,223,177,126,97,73,29,45140
"Talladega-Sylacauga, AL Micro Area",468,468,294,264,119,66,0,21,0,280,352,201,69,77,91,45180
"Tallahassee, FL Metro Area",6440,2988,1845,2014,1242,1100,440,229,105,4817,3060,1267,1734,1754,1341,45220
"Tampa-St. Petersburg-Clearwater, FL Metro Area",10215,13337,8335,7463,9868,7781,2495,2833,2657,10359,12275,8931,7335,7884,6719,45300
"Taos, NM Micro Area",182,27,21,38,126,5,0,0,0,114,99,23,27,125,30,45340
"Taylorville, IL Micro Area",111,160,93,15,65,9,0,0,0,372,162,92,104,13,132,45380
"Terre Haute, IN Metro Area",2169,1064,784,649,335,261,30,67,48,1481,861,677,800,466,374,45460
"Texarkana, TX-AR Metro Area",441,551,494,593,637,498,99,0,0,593,411,449,839,694,614,45500
"The Dalles, OR Micro Area",154,185,102,56,67,77,6,56,0,135,77,79,76,39,13,45520
"The Villages, FL Metro Area",147,270,319,87,138,206,35,45,100,330,367,243,28,171,125,45540
"Thomaston, GA Micro Area",123,126,80,36,9,48,0,0,0,181,259,100,15,107,156,45580
"Thomasville, GA Micro Area",284,377,55,201,225,282,4,0,0,354,252,158,169,118,46,45620
"Tiffin, OH Micro Area",508,380,180,140,11,110,122,12,20,746,543,165,164,92,103,45660
"Tifton, GA Micro Area",119,246,83,69,27,0,0,7,20,331,366,130,19,77,53,45700
"Toccoa, GA Micro Area",118,129,13,14,108,48,8,0,0,100,126,78,96,27,25,45740
"Toledo, OH Metro Area",4973,2594,1422,1877,1919,959,426,306,161,3608,3621,1794,2071,1649,1105,45780
"Topeka, KS Metro Area",1530,1100,538,576,429,325,144,26,0,1836,984,639,565,475,442,45820
"Torrington, CT Micro Area",790,692,457,296,381,265,17,26,23,715,604,351,619,674,257,45860
"Traverse City, MI Micro Area",870,909,661,207,320,193,6,67,0,1077,888,503,591,250,212,45900
"Trenton-Princeton, NJ Metro Area",1873,1484,1319,1369,1151,1254,306,463,279,1186,1340,1016,2175,2433,1669,45940
"Troy, AL Micro Area",563,134,52,125,57,55,220,7,4,452,323,74,183,131,44,45980
"Truckee-Grass Valley, CA Micro Area",359,190,364,20,27,155,22,38,9,297,365,299,102,144,250,46020
"Tucson, AZ Metro Area",3555,2592,1363,4790,3695,2813,1732,1174,753,3345,2295,1089,4039,3925,2740,46060
"Tullahoma-Manchester, TN Micro Area",622,429,226,345,222,146,10,11,18,491,436,318,528,270,172,46100
"Tulsa, OK Metro Area",5456,4930,3309,2794,2960,1869,472,441,338,5919,4746,3119,3037,3011,2114,46140
"Tupelo, MS Micro Area",980,852,504,197,398,220,0,6,0,1473,782,504,362,362,115,46180
"Tuscaloosa, AL Metro Area",1359,755,480,909,808,460,44,137,98,2153,1274,681,1745,891,383,46220
"Twin Falls, ID Metro Area",416,596,425,336,488,427,49,51,50,812,721,192,392,315,233,46300
"Tyler, TX Metro Area",1438,1043,729,310,180,469,91,17,24,1629,1690,1003,406,620,129,46340
"Ukiah, CA Micro Area",249,469,98,139,156,193,28,0,36,247,221,292,161,138,44,46380
"Union, SC Micro Area",112,220,50,11,20,14,0,0,0,159,85,27,31,47,0,46420
"Union City, TN Micro Area",58,135,82,106,92,85,9,0,0,221,331,38,27,32,42,46460
"Urbana, OH Micro Area",234,203,341,68,68,38,35,17,11,399,346,221,30,111,8,46500
"Urban Honolulu, HI Metro Area",535,637,260,6192,6439,4591,1555,1676,1276,290,484,275,7109,7969,6055,46520
"Utica-Rome, NY Metro Area",1193,1210,788,264,316,274,139,78,84,1345,944,680,634,466,295,46540
"Uvalde, TX Micro Area",144,67,15,26,34,0,0,5,42,167,109,96,20,0,0,46620
"Valdosta, GA Metro Area",1112,623,450,1182,717,411,209,141,193,850,832,502,569,617,391,46660
"Vallejo, CA Metro Area",2603,3222,2496,931,953,737,290,382,364,2210,2223,1533,766,895,950,46700
"Van Wert, OH Micro Area",96,84,138,9,37,60,0,0,0,241,120,46,55,131,80,46780
"Vermillion, SD Micro Area",470,62,39,435,122,78,9,14,19,391,85,87,363,199,107,46820
"Vernal, UT Micro Area",75,53,111,70,106,238,40,1,0,181,206,103,265,112,9,46860
"Vernon, TX Micro Area",99,69,41,17,18,30,0,0,0,121,32,28,19,13,3,46900
"Vicksburg, MS Micro Area",116,123,45,19,17,107,0,0,13,125,115,60,123,137,166,46980
"Victoria, TX Metro Area",529,444,343,154,182,33,0,72,8,812,663,288,55,150,46,47020
"Vidalia, GA Micro Area",419,348,88,54,59,15,1,0,0,397,490,221,15,120,46,47080
"Vincennes, IN Micro Area",694,43,124,185,45,31,22,17,0,476,252,95,30,76,40,47180
"Vineland-Bridgeton, NJ Metro Area",200,808,768,207,171,199,38,230,56,572,743,847,358,256,172,47220
"Vineyard Haven, MA Micro Area",0,32,6,74,58,2,0,0,0,12,49,22,116,44,12,47240
"Virginia Beach-Norfolk-Newport News, VA-NC Metro Area",15879,14255,9061,17427,12299,7354,2061,2274,1488,16531,14926,9002,10532,11723,7210,47260
"Visalia, CA Metro Area",640,1373,757,193,262,100,187,91,182,1960,1240,734,502,431,289,47300
"Wabash, IN Micro Area",293,152,57,111,27,19,10,0,19,276,141,318,81,0,0,47340
"Waco, TX Metro Area",2516,1117,866,925,547,401,223,120,58,2487,2119,1262,706,262,512,47380
"Wahpeton, ND-MN Micro Area",257,47,44,219,130,36,6,3,6,391,78,26,173,91,23,47420
"Walla Walla, WA Metro Area",483,534,293,633,249,110,26,18,59,771,570,313,207,310,223,47460
"Wapakoneta, OH Micro Area",428,258,196,53,35,32,0,0,0,438,341,41,142,11,29,47540
"Warner Robins, GA Metro Area",683,832,783,876,577,481,48,155,80,1042,1138,799,293,384,335,47580
"Warren, PA Micro Area",77,82,48,129,48,21,0,0,2,139,138,80,105,45,90,47620
"Kingsport-Bristol, TN-VA Metro Area",954,1209,772,645,748,605,101,23,7,1644,1104,706,1223,700,700,28700
"Kingston, NY Metro Area",680,1155,548,175,267,289,138,111,78,784,800,344,308,302,178,28740
"Kingsville, TX Micro Area",548,334,160,109,127,169,112,0,26,376,387,128,137,289,63,28780
"Kinston, NC Micro Area",226,212,164,142,106,65,0,2,0,741,274,236,13,6,3,28820
"Kirksville, MO Micro Area",800,113,25,282,37,68,97,43,0,587,385,133,246,75,58,28860
"Klamath Falls, OR Micro Area",496,237,161,235,287,364,0,26,9,329,201,163,286,266,135,28900
"Knoxville, TN Metro Area",5412,3877,2825,3432,3311,2133,258,427,247,4606,4216,2711,2414,2738,2157,28940
"Kalamazoo-Portage, MI Metro Area",4445,1120,763,1468,767,517,727,167,70,1932,1471,818,998,1337,556,28020
"Kalispell, MT Micro Area",167,517,154,402,324,582,0,43,27,364,316,171,438,350,283,28060
"Kankakee, IL Metro Area",416,204,165,289,168,22,25,48,31,410,523,387,306,314,95,28100
"Kansas City, MO-KS Metro Area",11129,9499,6277,9843,12832,8757,1108,1151,1041,11616,8506,6027,9557,11024,8407,28140
"Kapaa, HI Micro Area",104,159,56,158,169,180,134,136,8,178,207,25,230,191,263,28180
"Kearney, NE Micro Area",734,339,155,161,80,115,21,27,24,707,272,218,150,73,113,28260
"Keene, NH Micro Area",282,270,206,442,359,142,48,25,19,244,279,247,551,332,230,28300
"Kendallville, IN Micro Area",336,381,110,190,64,24,0,0,10,395,258,164,37,72,62,28340
"Kennett, MO Micro Area",82,84,19,112,61,68,0,20,0,181,148,115,130,60,62,28380
"Kennewick-Richland, WA Metro Area",1553,1914,1402,1081,848,530,73,191,50,1830,1503,1170,582,478,535,28420
"Kerrville, TX Micro Area",307,275,203,106,160,109,0,0,0,285,248,173,8,55,46,28500
"Ketchikan, AK Micro Area",69,17,33,95,123,61,0,13,13,5,14,20,277,154,62,28540
"Key West, FL Micro Area",197,489,128,407,473,326,35,215,110,266,488,244,201,296,335,28580
"Kill Devil Hills, NC Micro Area",76,43,15,108,76,131,23,32,16,111,168,126,69,219,65,28620
"Killeen-Temple, TX Metro Area",3570,3324,2197,4670,3398,2512,1037,1247,733,4010,3415,1988,2850,3198,2698,28660
"Kokomo, IN Metro Area",626,635,175,132,124,41,23,50,14,857,416,254,92,128,44,29020
"Laconia, NH Micro Area",257,219,148,81,86,36,0,0,0,269,238,160,451,151,25,29060
"La Crosse-Onalaska, WI-MN Metro Area",1946,466,335,703,456,329,13,11,3,981,506,340,709,675,261,29100
"Lafayette, LA Metro Area",2453,2990,1882,583,815,439,95,142,62,2855,2907,1723,931,1497,889,29180
"Lafayette-West Lafayette, IN Metro Area",3845,949,516,1899,764,517,1470,575,321,2675,1068,543,1749,1231,728,29200
"La Grande, OR Micro Area",260,110,71,133,83,72,8,0,6,171,160,50,240,190,161,29260
"LaGrange, GA-AL Micro Area",394,540,316,373,191,151,48,44,43,461,294,115,335,246,120,29300
"Lake Charles, LA Metro Area",663,536,415,325,414,397,92,0,34,512,727,522,709,429,380,29340
"Lake City, FL Micro Area",726,456,382,86,38,218,1,0,2,443,578,298,85,100,54,29380
"Lake Havasu City-Kingman, AZ Metro Area",297,360,391,664,1030,816,29,129,31,489,646,346,866,596,509,29420
"Lakeland-Winter Haven, FL Metro Area",2577,2890,1908,1785,1676,1338,340,522,465,2490,2689,2327,1815,1435,764,29460
"Lamesa, TX Micro Area",419,144,96,1,13,0,0,0,50,153,204,189,11,0,0,29500
"Lancaster, PA Metro Area",2866,1620,773,1005,1066,894,368,259,176,2393,1697,1266,1979,1012,964,29540
"Lansing-East Lansing, MI Metro Area",10715,3993,2616,1665,1569,922,734,520,233,7795,4525,2630,2081,1514,810,29620
"Laramie, WY Micro Area",1074,280,25,916,373,216,243,73,2,602,340,218,1050,540,372,29660
"Laredo, TX Metro Area",175,336,224,30,250,92,541,573,370,959,953,719,203,225,53,29700
"Las Cruces, NM Metro Area",1027,765,377,1525,756,493,336,170,166,615,571,198,1232,1035,752,29740
"Las Vegas, NM Micro Area",77,73,84,78,25,45,0,16,0,164,152,71,59,104,25,29780
"Las Vegas-Henderson-Paradise, NV Metro Area",717,870,451,9213,11918,8764,1387,1745,1160,1462,917,740,6041,8361,7170,29820
"Laurel, MS Micro Area",314,212,195,94,39,37,0,0,0,339,268,203,79,117,154,29860
"Laurinburg, NC Micro Area",213,216,175,60,14,19,35,0,0,192,250,148,133,77,17,29900
"Lawrence, KS Metro Area",2326,760,432,1650,607,485,762,149,55,1462,661,278,1717,1385,531,29940
"Lawrenceburg, TN Micro Area",60,58,121,88,11,101,0,0,0,85,199,78,119,138,48,29980
"Lawton, OK Metro Area",454,683,540,2843,1768,887,300,281,305,704,692,452,1171,1398,1134,30020
"Lebanon, MO Micro Area",96,60,115,47,26,31,0,0,0,126,101,38,148,120,68,30060
"Lebanon, NH-VT Micro Area",556,486,484,1493,1303,919,86,138,212,878,1024,561,1376,1387,782,30100
"Lebanon, PA Metro Area",722,511,654,189,292,61,78,71,131,840,641,483,315,198,238,30140
"Levelland, TX Micro Area",259,84,100,15,12,16,26,5,19,171,165,81,3,21,0,30220
"Lewisburg, PA Micro Area",142,218,265,252,131,191,63,0,0,181,113,169,193,161,46,30260
"Lewisburg, TN Micro Area",152,181,154,32,23,5,8,0,0,86,120,72,25,21,66,30280
"Lewiston, ID-WA Metro Area",204,186,49,600,223,295,71,4,0,193,250,133,856,444,378,30300
"Lewiston-Auburn, ME Metro Area",621,639,420,277,384,64,108,0,15,499,921,325,516,229,90,30340
"Lewistown, PA Micro Area",270,144,79,1,71,7,8,2,0,243,194,74,61,20,13,30380
"Lexington, NE Micro Area",178,105,93,139,116,72,21,0,0,168,159,109,97,37,45,30420
"Lexington-Fayette, KY Metro Area",4867,3036,1819,3138,2189,1521,268,454,407,3403,3067,2374,2454,2145,1347,30460
"Liberal, KS Micro Area",99,79,1,156,38,32,14,0,0,43,40,61,70,234,0,30580
"Lima, OH Metro Area",565,355,131,488,283,197,29,36,19,730,513,266,317,93,113,30620
"Lincoln, IL Micro Area",298,337,257,45,48,9,0,0,0,158,155,126,14,69,0,30660
"Lincoln, NE Metro Area",3086,1347,856,2186,1245,818,483,420,139,1990,1225,730,1666,1401,645,30700
"Little Rock-North Little Rock-Conway, AR Metro Area",5029,3234,2286,1747,1817,1782,204,412,399,4462,3627,2617,2503,2836,2018,30780
"Lock Haven, PA Micro Area",692,151,102,46,78,8,6,0,6,302,103,79,58,42,66,30820
"Logan, UT-ID Metro Area",1740,621,357,1452,546,313,707,113,35,1678,1052,373,759,845,379,30860
"Logansport, IN Micro Area",140,151,92,18,35,0,0,12,0,290,160,139,19,26,0,30900
"London, KY Micro Area",644,501,570,362,163,247,18,0,10,842,716,353,189,203,269,30940
"Longview, TX Metro Area",2390,2462,2168,378,381,355,34,58,26,1729,2173,1732,858,489,227,30980
"Longview, WA Metro Area",567,403,328,289,397,222,18,24,8,561,499,193,491,415,177,31020
"Los Alamos, NM Micro Area",107,34,28,130,157,51,0,57,21,31,33,46,140,101,349,31060
"Los Angeles-Long Beach-Anaheim, CA Metro Area",28719,29720,21252,21849,26608,15780,12356,13514,10484,35063,38467,28002,25721,28204,22484,31080
"Louisville/Jefferson County, KY-IN Metro Area",4571,5039,2733,3709,3959,2413,288,587,393,4792,4579,2580,3710,3854,3059,31140
"Lubbock, TX Metro Area",5292,2558,1372,1350,719,515,303,299,114,4069,2077,966,1376,674,722,31180
"Ludington, MI Micro Area",59,105,107,18,19,70,4,0,17,180,151,41,69,33,36,31220
"Lufkin, TX Micro Area",486,516,234,120,233,111,20,55,9,424,572,270,24,35,32,31260
"Lumberton, NC Micro Area",390,210,102,72,36,84,16,32,5,394,785,315,143,357,35,31300
"Lynchburg, VA Metro Area",2771,2016,1185,2179,622,278,178,10,22,2300,1802,1101,1223,926,323,31340
"Macomb, IL Micro Area",794,63,15,318,58,150,55,0,0,551,293,45,95,258,95,31380
"Macon-Bibb County, GA Metro Area",1565,1435,1062,419,355,228,109,19,54,1055,1843,865,658,507,173,31420
"Madera, CA Metro Area",774,1007,1006,44,253,48,14,33,4,1329,883,754,180,281,129,31460
"Madison, IN Micro Area",181,127,191,141,103,24,16,0,0,107,130,184,138,42,64,31500
"Madison, WI Metro Area",4497,2456,1425,5145,3093,1735,1302,639,551,4298,2988,1492,4090,3930,2066,31540
"Madisonville, KY Micro Area",186,194,70,15,6,41,0,12,0,305,150,63,171,163,94,31580
"Magnolia, AR Micro Area",240,85,48,174,6,61,0,5,0,86,119,23,37,62,44,31620
"Malone, NY Micro Area",490,679,515,187,128,24,28,10,22,267,507,242,144,97,14,31660
"Malvern, AR Micro Area",299,271,262,98,14,76,0,0,0,176,197,110,55,61,36,31680
"Manchester-Nashua, NH Metro Area",1400,1515,974,2349,2609,1787,559,576,319,1317,1076,794,1832,1860,1205,31700
"Manhattan, KS Metro Area",2720,1272,670,1834,1130,938,617,425,550,2258,1590,766,2446,2481,1137,31740
"Manitowoc, WI Micro Area",281,158,131,95,93,47,0,97,8,453,336,119,153,181,48,31820
"Mankato, MN Metro Area",1720,794,600,365,254,200,143,16,11,1625,1217,660,540,400,217,31860
"Mansfield, OH Metro Area",918,857,710,160,179,70,0,38,2,784,846,681,76,133,93,31900
"Marietta, OH Micro Area",137,121,72,249,312,101,24,21,8,329,118,58,237,224,79,31930
"Marinette, WI-MI Micro Area",270,109,68,212,219,63,5,0,7,250,76,80,216,171,67,31940
"Marion, IN Micro Area",388,135,78,476,50,32,21,6,0,610,243,196,165,138,140,31980
"McAllen-Edinburg-Mission, TX Metro Area",1730,1632,1026,370,582,225,452,735,548,2706,1941,1371,1337,596,637,32580
"McComb, MS Micro Area",170,147,62,47,20,67,0,0,0,136,90,53,62,56,55,32620
"McMinnville, TN Micro Area",172,109,144,0,81,43,18,0,0,328,78,81,99,37,0,32660
"McPherson, KS Micro Area",134,74,58,170,85,23,0,57,8,295,127,40,203,81,4,32700
"Meadville, PA Micro Area",304,283,226,111,131,93,0,23,0,373,366,251,387,95,43,32740
"Medford, OR Metro Area",750,673,538,835,1115,464,100,31,0,884,686,597,656,855,725,32780
"Memphis, TN-MS-AR Metro Area",2351,3386,1837,4791,4662,3522,516,301,382,3262,2512,1258,5112,5561,4016,32820
"Menomonie, WI Micro Area",1141,244,125,685,89,140,0,0,0,708,196,89,355,148,23,32860
"Merced, CA Metro Area",1716,1078,546,349,273,303,330,207,37,1483,1145,976,377,312,299,32900
"Meridian, MS Micro Area",464,397,337,433,314,262,56,0,9,671,393,231,350,687,282,32940
"Marion, NC Micro Area",136,238,131,18,22,0,0,47,6,68,212,66,25,159,3,32000
"Marion, OH Micro Area",368,542,486,141,32,37,0,0,0,300,337,296,40,51,112,32020
"Marquette, MI Micro Area",839,421,187,347,113,105,33,44,3,444,267,184,321,101,162,32100
"Marshall, MN Micro Area",198,59,134,147,105,44,49,6,0,225,213,92,144,76,26,32140
"Marshall, MO Micro Area",171,62,41,30,24,47,32,0,0,146,81,93,73,0,1,32180
"Marshalltown, IA Micro Area",203,150,110,64,126,18,27,4,68,132,149,206,37,52,51,32260
"Martin, TN Micro Area",363,146,50,157,71,73,16,11,0,490,216,142,105,93,134,32280
"Martinsville, VA Micro Area",254,391,231,80,46,32,0,0,52,446,258,301,150,79,36,32300
"Maryville, MO Micro Area",422,190,113,344,79,27,65,19,6,390,287,34,434,55,44,32340
"Mason City, IA Micro Area",283,202,232,209,107,70,83,49,1,428,152,185,110,16,98,32380
"Mayagüez, PR Metro Area",,,,,,,,,,,,,,,,32420
"Mayfield, KY Micro Area",137,200,2,78,32,42,0,0,98,34,30,47,42,42,77,32460
"Maysville, KY Micro Area",44,79,53,83,107,74,80,0,128,129,77,92,78,34,34,32500
"McAlester, OK Micro Area",274,259,225,110,142,110,0,1,8,264,335,213,80,158,5,32540
"Mexico, MO Micro Area",390,252,247,47,35,24,35,12,21,99,367,136,6,26,0,33020
"Miami, OK Micro Area",141,62,62,87,76,42,3,4,0,271,68,56,66,67,14,33060
"Miami-Fort Lauderdale-Pompano Beach, FL Metro Area",13215,14081,10478,8487,11338,9209,7506,8866,10150,15849,18025,13137,12755,13576,11135,33100
"Michigan City-La Porte, IN Metro Area",785,927,672,167,346,303,0,7,17,678,546,339,249,148,89,33140
"Middlesborough, KY Micro Area",80,185,146,56,73,42,8,0,0,84,48,98,114,53,90,33180
"Midland, MI Metro Area",726,434,237,122,134,227,69,52,32,654,542,315,415,303,175,33220
"Midland, TX Metro Area",1256,1985,1631,758,751,230,169,86,99,1349,1124,1153,211,459,265,33260
"Milledgeville, GA Micro Area",901,483,274,33,109,56,0,0,0,661,439,385,62,95,7,33300
"Milwaukee-Waukesha, WI Metro Area",7493,7128,4579,4019,4041,2640,803,988,463,7874,6692,4818,4064,4764,3443,33340
"Minden, LA Micro Area",121,59,29,31,97,23,0,0,0,44,132,53,183,22,109,33380
"Mineral Wells, TX Micro Area",275,134,109,74,20,0,11,0,0,162,138,126,16,33,1,33420
"Minneapolis-St. Paul-Bloomington, MN-WI Metro Area",27717,27000,17749,12416,13144,8202,2342,3130,2275,26728,25284,17452,13731,11744,7403,33460
"Minot, ND Micro Area",410,241,177,886,567,494,254,144,102,595,449,218,718,1127,583,33500
"Missoula, MT Metro Area",1286,616,294,950,754,578,182,163,50,656,1041,342,846,1069,290,33540
"Mitchell, SD Micro Area",355,225,169,182,138,0,2,0,0,210,70,179,85,40,43,33580
"Moberly, MO Micro Area",239,223,140,11,41,4,14,47,9,96,129,61,61,78,22,33620
"Mobile, AL Metro Area",857,775,356,871,739,912,127,300,64,1067,543,556,1238,1255,1024,33660
"Modesto, CA Metro Area",2499,1878,1863,264,394,595,209,711,130,2105,2416,1410,952,495,177,33700
"Monroe, LA Metro Area",544,678,514,341,276,185,84,69,42,620,555,500,680,254,546,33740
"Monroe, MI Metro Area",464,482,382,272,231,273,11,15,7,495,577,381,469,361,267,33780
"Montgomery, AL Metro Area",2993,2564,1225,829,1207,1200,165,163,168,2604,2505,1566,1029,1084,662,33860
"Montrose, CO Micro Area",86,169,123,148,147,126,0,0,0,258,99,182,233,35,136,33940
"Morehead City, NC Micro Area",457,279,214,282,150,218,16,0,13,467,421,264,127,242,249,33980
"Mount Vernon, OH Micro Area",521,215,178,310,134,42,38,11,0,285,229,182,241,28,51,34540
"Mount Vernon-Anacortes, WA Metro Area",612,768,386,270,431,299,52,47,60,670,607,386,176,277,149,34580
"Muncie, IN Metro Area",2887,485,284,691,145,57,51,15,5,1356,864,280,513,363,315,34620
"Murray, KY Micro Area",480,97,112,434,149,79,62,209,33,268,243,20,278,126,73,34660
"Muscatine, IA Micro Area",130,129,96,62,51,20,14,30,37,149,192,92,103,100,255,34700
"Muskegon, MI Metro Area",978,965,820,184,341,231,65,2,13,1492,990,559,391,300,192,34740
"Muskogee, OK Micro Area",447,574,418,320,255,103,0,18,39,496,315,379,199,31,38,34780
"Myrtle Beach-Conway-North Myrtle Beach, SC-NC Metro Area",801,1242,830,1301,1202,1151,102,104,24,1288,1111,866,1382,1324,1152,34820
"Nacogdoches, TX Micro Area",1450,375,147,118,64,48,0,0,26,972,740,150,185,64,97,34860
"Napa, CA Metro Area",454,721,567,184,208,146,180,74,83,933,859,446,124,174,169,34900
"Naples-Marco Island, FL Metro Area",686,1009,669,973,796,934,581,390,564,1044,788,558,838,739,457,34940
"Nashville-Davidson--Murfreesboro--Franklin, TN Metro Area",11128,11164,8021,9154,9816,7383,940,1668,1248,9842,10074,7954,7569,7081,5227,34980
"Morgan City, LA Micro Area",196,134,315,51,12,68,15,54,1,296,138,273,120,155,101,34020
"Morgantown, WV Metro Area",1433,806,307,1397,844,391,251,161,403,765,965,292,1297,1043,875,34060
"Morristown, TN Metro Area",835,620,395,220,293,255,100,0,0,853,625,280,330,290,96,34100
"Moscow, ID Micro Area",780,205,141,510,225,117,188,0,61,572,232,43,692,540,265,34140
"Moses Lake, WA Micro Area",524,280,244,327,100,28,75,114,84,507,166,133,178,124,58,34180
"Moultrie, GA Micro Area",358,333,63,164,121,1,0,0,9,161,199,147,196,7,27,34220
"Mountain Home, AR Micro Area",145,185,109,97,177,90,0,0,32,123,157,107,63,67,27,34260
"Mountain Home, ID Micro Area",188,53,69,439,308,194,117,155,51,130,104,57,121,237,222,34300
"Mount Airy, NC Micro Area",140,238,62,93,98,56,13,45,19,313,227,50,111,41,46,34340
"Mount Gay-Shamrock, WV Micro Area",90,49,85,45,41,25,0,0,8,155,108,83,30,22,0,34350
"Mount Pleasant, MI Micro Area",3286,576,227,334,140,159,29,74,7,1384,618,301,150,189,122,34380
"Mount Pleasant, TX Micro Area",197,258,198,60,55,5,35,0,0,186,277,186,10,11,32,34420
"Mount Sterling, KY Micro Area",347,270,92,4,116,76,0,0,36,348,426,88,131,57,0,34460
"Mount Vernon, IL Micro Area",145,232,211,156,44,34,41,0,0,214,183,79,113,125,93,34500
"Natchez, MS-LA Micro Area",117,181,182,44,99,58,134,183,224,270,423,131,57,320,134,35020
"Natchitoches, LA Micro Area",706,86,60,473,57,75,26,3,0,119,100,62,128,37,18,35060
"New Bern, NC Metro Area",835,707,396,1660,580,517,329,93,71,422,925,598,1150,974,657,35100
"Newberry, SC Micro Area",94,163,65,14,17,4,13,0,0,204,74,122,77,26,6,35140
"New Castle, IN Micro Area",390,364,179,23,61,20,0,0,0,549,363,214,90,56,29,35220
"New Castle, PA Micro Area",322,258,199,224,192,90,17,5,8,333,248,111,237,107,97,35260
"New Haven-Milford, CT Metro Area",2509,2414,1368,3353,2927,2004,629,952,754,2249,2758,1742,4211,3714,2232,35300
"New Orleans-Metairie, LA Metro Area",3542,6314,4177,3133,3793,3092,704,721,747,4822,6580,4362,4003,5294,3900,35380
"New Philadelphia-Dover, OH Micro Area",491,563,287,61,85,91,58,0,0,401,409,247,127,190,87,35420
"Newport, OR Micro Area",239,104,50,227,217,71,19,27,4,129,161,203,30,160,88,35440
"Newport, TN Micro Area",51,92,53,101,35,24,3,35,0,176,125,100,36,70,12,35460
"New Ulm, MN Micro Area",142,55,16,32,61,16,2,1,0,185,156,94,21,50,0,35580
"New York-Newark-Jersey City, NY-NJ-PA Metro Area",46832,68744,54979,43202,51435,33580,20110,22624,17445,51805,69205,57096,54098,68566,57359,35620
"Niles, MI Metro Area",913,553,205,663,582,431,64,75,50,1055,343,346,522,394,249,35660
"Nogales, AZ Micro Area",116,137,3,70,101,9,19,126,97,220,129,80,42,67,35,35700
"Norfolk, NE Micro Area",454,371,179,85,93,89,22,16,0,511,309,157,311,106,99,35740
"North Platte, NE Micro Area",82,170,72,97,73,210,0,9,0,231,87,70,120,58,134,35820
"North Port-Sarasota-Bradenton, FL Metro Area",2114,3436,1694,1661,2122,1650,327,423,195,2508,2973,1568,1783,1149,1091,35840
"North Vernon, IN Micro Area",163,154,64,45,56,0,0,24,0,136,263,62,120,14,28,35860
"Warrensburg, MO Micro Area",1418,350,118,750,508,156,53,127,39,517,444,219,466,395,221,47660
"Warsaw, IN Micro Area",535,409,330,329,160,120,15,0,66,710,323,176,126,95,82,47700
"Washington, IN Micro Area",146,69,66,23,59,16,0,0,0,314,62,101,0,35,9,47780
"Washington, NC Micro Area",46,45,40,48,19,13,0,0,0,273,118,76,53,31,88,47820
"Washington-Arlington-Alexandria, DC-VA-MD-WV Metro Area",25007,28167,21138,37596,41690,29981,9253,8939,8128,26992,28341,22295,32645,39406,33071,47900
"Washington Court House, OH Micro Area",89,148,67,28,61,0,0,8,81,254,218,151,9,3,54,47920
"North Wilkesboro, NC Micro Area",135,183,150,41,0,63,0,0,34,209,289,215,75,63,37,35900
"Norwalk, OH Micro Area",236,204,248,172,89,111,0,0,6,370,378,208,190,61,20,35940
"Norwich-New London, CT Metro Area",1078,1036,611,2486,1499,930,97,166,88,1390,898,425,2197,1624,622,35980
"Oneonta, NY Micro Area",1038,294,172,104,114,47,48,23,6,548,285,62,255,169,84,36580
"Ontario, OR-ID Micro Area",157,439,195,302,323,171,14,38,0,171,264,153,276,294,168,36620
"Waterloo-Cedar Falls, IA Metro Area",2249,615,358,435,467,251,243,134,75,2317,1144,347,868,374,348,47940
"Watertown, SD Micro Area",401,106,98,77,136,85,7,42,21,481,171,73,239,109,85,47980
"Watertown-Fort Atkinson, WI Micro Area",976,555,455,285,86,31,30,89,37,792,694,268,115,140,135,48020
"Watertown-Fort Drum, NY Metro Area",565,581,225,1616,1338,665,707,339,269,606,592,391,1272,2012,1135,48060
"Wauchula, FL Micro Area",60,60,67,0,0,0,47,0,0,163,233,52,66,44,65,48100
"Wausau-Weston, WI Metro Area",1180,843,430,207,253,252,48,37,23,1370,566,219,534,208,264,48140
"Waycross, GA Micro Area",210,228,225,79,40,109,0,0,0,257,383,279,158,34,70,48180
"Weatherford, OK Micro Area",400,201,114,50,53,192,6,35,0,467,416,92,45,136,50,48220
"Weirton-Steubenville, WV-OH Metro Area",385,228,266,527,473,373,43,11,3,374,283,85,343,420,266,48260
"Wenatchee, WA Metro Area",715,684,390,176,255,211,77,19,92,950,669,579,443,275,123,48300
"West Plains, MO Micro Area",333,90,47,79,84,27,0,0,9,346,78,127,96,116,59,48460
"West Point, MS Micro Area",58,29,53,0,3,8,0,0,0,139,31,58,153,0,28,48500
"Wheeling, WV-OH Metro Area",347,488,285,350,393,156,6,9,17,641,379,269,446,305,187,48540
"Whitewater, WI Micro Area",1462,543,319,521,192,142,32,22,3,908,545,304,376,120,251,48580
"Wichita, KS Metro Area",2971,2256,1101,2305,1873,1450,488,180,351,2839,2380,1204,2127,2027,1367,48620
"Wichita Falls, TX Metro Area",898,1025,590,1744,737,544,242,135,96,1249,569,280,1614,984,635,48660
"Williamsport, PA Metro Area",561,464,396,304,126,93,18,103,86,891,390,370,144,146,59,48700
"Williston, ND Micro Area",141,273,157,354,575,272,37,1,0,55,27,50,296,333,217,48780
"Willmar, MN Micro Area",142,207,106,198,193,30,11,43,5,454,172,114,87,34,17,48820
"Wilmington, NC Metro Area",2827,1451,1372,825,993,498,94,75,42,1871,1734,1494,971,913,670,48900
"Wilmington, OH Micro Area",209,254,268,11,75,66,0,0,0,392,247,275,39,26,35,48940
"Wilson, NC Micro Area",362,275,101,45,59,78,14,0,95,502,405,250,174,56,184,48980
"Winchester, VA-WV Metro Area",991,1085,559,202,438,214,13,54,4,810,906,481,536,394,174,49020
"Winfield, KS Micro Area",143,159,130,160,55,90,3,0,35,168,116,127,119,118,92,49060
"Winnemucca, NV Micro Area",123,123,105,130,96,187,0,0,0,10,10,72,77,83,48,49080
"Winona, MN Micro Area",544,201,78,329,283,99,30,27,8,522,165,141,755,179,126,49100
"Winston-Salem, NC Metro Area",3204,3199,2003,2076,2028,1155,375,155,125,3430,3168,2180,1703,1465,1393,49180
"Wisconsin Rapids-Marshfield, WI Micro Area",297,349,210,77,105,45,0,0,5,702,436,273,161,140,19,49220
"Woodward, OK Micro Area",174,186,213,97,17,34,0,0,0,203,202,113,28,56,31,49260
"Wooster, OH Micro Area",510,448,255,190,121,39,32,12,2,1003,361,347,170,348,78,49300
"Worcester, MA-CT Metro Area",3190,2949,2000,2178,1980,1361,955,599,505,3710,2717,1663,3846,3185,1942,49340
"Worthington, MN Micro Area",43,58,32,68,44,5,13,0,62,84,115,34,116,102,32,49380
"Yakima, WA Metro Area",609,575,490,558,511,318,178,93,105,793,732,315,591,270,233,49420
"Yankton, SD Micro Area",184,101,40,154,102,160,0,0,0,257,53,88,81,158,47,49460
"Yauco, PR Metro Area",,,,,,,,,,,,,,,,49500
"York-Hanover, PA Metro Area",1089,1629,1245,1101,966,692,168,216,122,1546,1082,657,1098,849,432,49620
"Youngstown-Warren-Boardman, OH-PA Metro Area",1855,1882,1083,902,1002,544,86,91,61,3092,2134,1137,1254,1354,508,49660
"Yuba City, CA Metro Area",1420,1310,648,448,383,368,322,269,79,1268,1249,786,502,332,273,49700
"Yuma, AZ Metro Area",445,527,243,1416,898,398,473,288,193,599,571,604,859,927,535,49740
"Zanesville, OH Micro Area",497,309,174,99,54,17,41,0,23,365,632,215,190,30,3,49780
"Zapata, TX Micro Area",55,34,78,0,0,0,0,0,0,110,26,15,0,20,0,49820
"Opelousas, LA Micro Area",528,183,282,84,9,28,56,0,0,807,329,170,111,117,209,36660
"Orangeburg, SC Micro Area",271,102,207,107,49,90,12,11,0,369,438,442,242,96,37,36700
"Orlando-Kissimmee-Sanford, FL Metro Area",14680,16414,10291,6992,8855,5843,3178,4069,3865,14664,15963,8937,8070,7692,5213,36740
"Fort Dodge, IA Micro Area",267,205,139,107,91,123,2,0,6,196,85,157,300,94,85,22700
"Fort Collins, CO Metro Area",4260,1859,1463,3913,1881,1223,366,272,157,2990,2554,1208,1894,2297,1350,22660
